{"stats":{"minecraft:killed":{"minecraft:iron_golem":2},"minecraft:dropped":{"minecraft:anvil":1,"minecraft:dark_oak_stairs":19,"minecraft:gunpowder":1,"minecraft:torch":2,"minecraft:tnt":2,"minecraft:crafting_table":1,"minecraft:tnt_minecart":1,"minecraft:dark_oak_slab":1,"minecraft:fire_charge":577,"minecraft:barrel":3,"minecraft:name_tag":64,"minecraft:paper":1,"minecraft:blue_carpet":7,"minecraft:rail":2,"minecraft:lightning_rod":2,"minecraft:firework_rocket":192},"minecraft:custom":{"minecraft:time_since_rest":6404,"minecraft:sprint_one_cm":13598,"minecraft:walk_one_cm":14893,"minecraft:mob_kills":2,"minecraft:interact_with_anvil":1,"minecraft:drop":37,"minecraft:swim_one_cm":2645,"minecraft:fly_one_cm":231412,"minecraft:interact_with_crafting_table":4,"minecraft:crouch_one_cm":4007,"minecraft:play_time":29595,"minecraft:deaths":3,"minecraft:sneak_time":2223,"minecraft:walk_under_water_one_cm":8106,"minecraft:jump":95,"minecraft:leave_game":4,"minecraft:walk_on_water_one_cm":164,"minecraft:time_since_death":6374,"minecraft:total_world_time":29595},"minecraft:picked_up":{"minecraft:dark_oak_slab":2,"minecraft:torch":2,"minecraft:fire_charge":64,"minecraft:lightning_rod":1,"minecraft:barrel":3,"minecraft:blue_carpet":7,"minecraft:dark_oak_planks":3,"minecraft:tnt":1,"minecraft:firework_rocket":128,"minecraft:dark_oak_stairs":10,"minecraft:rail":1},"minecraft:used":{"minecraft:warden_spawn_egg":23,"minecraft:dark_oak_stairs":8,"minecraft:firework_rocket":9,"minecraft:wither_skeleton_skull":10,"minecraft:carved_pumpkin":2,"minecraft:iron_block":11,"minecraft:pig_spawn_egg":1,"minecraft:tnt_minecart":8,"minecraft:ender_pearl":4,"minecraft:barrel":3,"minecraft:soul_sand":15,"minecraft:rail":2,"minecraft:anvil":2,"minecraft:crafting_table":2,"minecraft:crossbow":75,"minecraft:obsidian":8},"minecraft:crafted":{"minecraft:firework_star":192,"minecraft:firework_rocket":576}},"DataVersion":3953}