{"stats":{"minecraft:dropped":{"minecraft:fire_charge":1,"minecraft:barrel":3,"minecraft:dark_oak_stairs":9,"minecraft:name_tag":64,"minecraft:paper":1,"minecraft:tnt":2,"minecraft:rail":2,"minecraft:tnt_minecart":1,"minecraft:dark_oak_slab":1,"minecraft:lightning_rod":2},"minecraft:custom":{"minecraft:time_since_rest":7262,"minecraft:crouch_one_cm":1726,"minecraft:sprint_one_cm":7274,"minecraft:play_time":10060,"minecraft:deaths":1,"minecraft:walk_one_cm":4082,"minecraft:sneak_time":882,"minecraft:interact_with_anvil":1,"minecraft:drop":19,"minecraft:jump":41,"minecraft:leave_game":3,"minecraft:time_since_death":7214,"minecraft:total_world_time":10060,"minecraft:interact_with_crafting_table":1,"minecraft:fly_one_cm":70241},"minecraft:picked_up":{"minecraft:dark_oak_planks":3,"minecraft:tnt":1,"minecraft:dark_oak_slab":2,"minecraft:torch":2,"minecraft:lightning_rod":1,"minecraft:blue_carpet":7,"minecraft:barrel":3,"minecraft:rail":1,"minecraft:dark_oak_stairs":10},"minecraft:used":{"minecraft:dark_oak_stairs":8,"minecraft:anvil":2,"minecraft:rail":2,"minecraft:crafting_table":1,"minecraft:tnt_minecart":8,"minecraft:obsidian":8,"minecraft:barrel":3}},"DataVersion":3953}