{"stats":{"minecraft:dropped":{"minecraft:anvil":1,"minecraft:dark_oak_stairs":19,"minecraft:gunpowder":1,"minecraft:torch":2,"minecraft:tnt":2,"minecraft:crafting_table":1,"minecraft:tnt_minecart":1,"minecraft:dark_oak_slab":1,"minecraft:fire_charge":577,"minecraft:barrel":3,"minecraft:name_tag":64,"minecraft:paper":1,"minecraft:blue_carpet":7,"minecraft:rail":2,"minecraft:lightning_rod":2,"minecraft:firework_rocket":192},"minecraft:custom":{"minecraft:time_since_rest":1965,"minecraft:sprint_one_cm":8761,"minecraft:walk_one_cm":6621,"minecraft:interact_with_anvil":1,"minecraft:drop":37,"minecraft:fly_one_cm":177926,"minecraft:interact_with_crafting_table":4,"minecraft:crouch_one_cm":1838,"minecraft:play_time":22060,"minecraft:deaths":2,"minecraft:sneak_time":1076,"minecraft:jump":50,"minecraft:leave_game":3,"minecraft:time_since_death":1929,"minecraft:total_world_time":22060},"minecraft:picked_up":{"minecraft:dark_oak_slab":2,"minecraft:torch":2,"minecraft:fire_charge":64,"minecraft:lightning_rod":1,"minecraft:barrel":3,"minecraft:blue_carpet":7,"minecraft:dark_oak_planks":3,"minecraft:tnt":1,"minecraft:firework_rocket":128,"minecraft:dark_oak_stairs":10,"minecraft:rail":1},"minecraft:used":{"minecraft:warden_spawn_egg":8,"minecraft:dark_oak_stairs":8,"minecraft:firework_rocket":9,"minecraft:pig_spawn_egg":1,"minecraft:tnt_minecart":8,"minecraft:ender_pearl":2,"minecraft:barrel":3,"minecraft:rail":2,"minecraft:anvil":2,"minecraft:crafting_table":2,"minecraft:crossbow":19,"minecraft:obsidian":8},"minecraft:crafted":{"minecraft:firework_star":192,"minecraft:firework_rocket":576}},"DataVersion":3953}