{"stats":{"minecraft:used":{"minecraft:yellow_wool":3,"minecraft:glass":6,"minecraft:waxed_copper_grate":1,"minecraft:waxed_cut_copper_stairs":1,"minecraft:black_wool":1},"minecraft:custom":{"minecraft:jump":36,"minecraft:time_since_rest":2715,"minecraft:walk_on_water_one_cm":31,"minecraft:sprint_one_cm":1556,"minecraft:play_time":2715,"minecraft:damage_taken":60,"minecraft:time_since_death":2715,"minecraft:walk_one_cm":5268,"minecraft:sneak_time":105,"minecraft:total_world_time":2715,"minecraft:fall_one_cm":1542,"minecraft:fly_one_cm":46161}},"DataVersion":3953}