{"stats":{"minecraft:dropped":{"minecraft:gray_wool":1,"minecraft:detector_rail":1,"minecraft:repeater":1,"minecraft:powered_rail":1,"minecraft:mangrove_planks":2,"minecraft:black_wool":1},"minecraft:picked_up":{"minecraft:repeater":1,"minecraft:brown_carpet":14,"minecraft:lever":1,"minecraft:brown_banner":2},"minecraft:custom":{"minecraft:time_since_rest":8539,"minecraft:sprint_one_cm":35416,"minecraft:damage_taken":60,"minecraft:walk_one_cm":152247,"minecraft:drop":7,"minecraft:fly_one_cm":443544,"minecraft:crouch_one_cm":6147,"minecraft:play_time":76799,"minecraft:deaths":2,"minecraft:sneak_time":4180,"minecraft:walk_under_water_one_cm":15723,"minecraft:jump":568,"minecraft:leave_game":2,"minecraft:time_since_death":8514,"minecraft:walk_on_water_one_cm":4652,"minecraft:total_world_time":76799,"minecraft:climb_one_cm":321,"minecraft:fall_one_cm":1542},"minecraft:used":{"minecraft:oak_log":47,"minecraft:light":41,"minecraft:oak_fence":5,"minecraft:glass":60,"minecraft:dark_oak_stairs":41,"minecraft:brown_terracotta":6,"minecraft:lever":3,"minecraft:black_wool":81,"minecraft:black_concrete":17,"minecraft:command_block":6,"minecraft:spruce_wood":249,"minecraft:grass_block":20,"minecraft:spruce_slab":5,"minecraft:powered_rail":4,"minecraft:brown_wool":8,"minecraft:mangrove_planks":4,"minecraft:smooth_sandstone":2,"minecraft:detector_rail":1,"minecraft:jungle_stairs":23,"minecraft:brown_concrete":13,"minecraft:cut_sandstone":1,"minecraft:spruce_trapdoor":31,"minecraft:composter":1,"minecraft:mangrove_fence":12,"minecraft:smooth_sandstone_stairs":56,"minecraft:structure_block":1,"minecraft:yellow_wool":5,"minecraft:oak_leaves":29,"minecraft:debug_stick":23,"minecraft:white_wool":65,"minecraft:birch_trapdoor":35,"minecraft:stripped_mangrove_wood":127,"minecraft:brown_stained_glass_pane":91,"minecraft:brown_carpet":50,"minecraft:mangrove_trapdoor":137,"minecraft:scaffolding":62,"minecraft:stripped_oak_wood":105,"minecraft:jungle_planks":12,"minecraft:brown_banner":41,"minecraft:cobblestone_wall":9,"minecraft:waxed_cut_copper_stairs":6,"minecraft:waxed_copper_grate":13,"minecraft:note_block":2,"minecraft:painting":35,"minecraft:gray_wool":23,"minecraft:waxed_copper_bulb":3,"minecraft:jukebox":1,"minecraft:brown_concrete_powder":10,"minecraft:waxed_copper_trapdoor":32}},"DataVersion":3953}