{"stats":{"minecraft:dropped":{"minecraft:gray_wool":1,"minecraft:detector_rail":1,"minecraft:repeater":1,"minecraft:powered_rail":1,"minecraft:mangrove_planks":2,"minecraft:black_wool":1},"minecraft:picked_up":{"minecraft:repeater":1,"minecraft:lever":1},"minecraft:custom":{"minecraft:time_since_rest":34929,"minecraft:sprint_one_cm":13646,"minecraft:damage_taken":60,"minecraft:walk_one_cm":57497,"minecraft:drop":7,"minecraft:fly_one_cm":286144,"minecraft:crouch_one_cm":4113,"minecraft:play_time":34929,"minecraft:sneak_time":2246,"minecraft:walk_under_water_one_cm":14423,"minecraft:jump":198,"minecraft:leave_game":1,"minecraft:time_since_death":34929,"minecraft:walk_on_water_one_cm":4622,"minecraft:total_world_time":34929,"minecraft:climb_one_cm":57,"minecraft:fall_one_cm":1542},"minecraft:used":{"minecraft:oak_log":47,"minecraft:oak_fence":5,"minecraft:glass":60,"minecraft:black_concrete":17,"minecraft:black_wool":81,"minecraft:spruce_wood":109,"minecraft:spruce_slab":5,"minecraft:powered_rail":4,"minecraft:mangrove_planks":2,"minecraft:detector_rail":1,"minecraft:mangrove_fence":12,"minecraft:smooth_sandstone_stairs":7,"minecraft:yellow_wool":5,"minecraft:debug_stick":23,"minecraft:white_wool":65,"minecraft:stripped_mangrove_wood":10,"minecraft:scaffolding":14,"minecraft:stripped_oak_wood":101,"minecraft:cobblestone_wall":9,"minecraft:waxed_copper_grate":13,"minecraft:waxed_cut_copper_stairs":6,"minecraft:gray_wool":23,"minecraft:waxed_copper_bulb":3,"minecraft:waxed_copper_trapdoor":32}},"DataVersion":3953}