{"stats":{"minecraft:dropped":{"minecraft:dark_oak_stairs":1,"minecraft:stripped_mangrove_wood":3,"minecraft:lever":1,"minecraft:detector_rail":1,"minecraft:loom":1,"minecraft:yellow_wool":1,"minecraft:brown_stained_glass_pane":1,"minecraft:composter":1,"minecraft:oak_fence":2,"minecraft:barrier":1,"minecraft:waxed_copper_grate":1,"minecraft:blue_concrete":1,"minecraft:light_gray_carpet":1,"minecraft:mangrove_planks":5,"minecraft:brown_banner":2,"minecraft:debug_stick":1,"minecraft:light_blue_concrete":1,"minecraft:spruce_stairs":1,"minecraft:spruce_fence":1,"minecraft:gray_wool":1,"minecraft:mangrove_fence":1,"minecraft:flint_and_steel":2,"minecraft:light":2,"minecraft:brown_concrete_powder":19,"minecraft:iron_block":1,"minecraft:cyan_terracotta":1,"minecraft:stone":1,"minecraft:flower_pot":2,"minecraft:spruce_trapdoor":3,"minecraft:jungle_stairs":1,"minecraft:repeater":1,"minecraft:white_concrete":1,"minecraft:brown_wool":5,"minecraft:waxed_copper_bulb":1,"minecraft:spruce_wood":3,"minecraft:brown_terracotta":4,"minecraft:polished_basalt":1,"minecraft:powered_rail":1,"minecraft:glass":1,"minecraft:stripped_oak_wood":3,"minecraft:green_concrete_powder":1,"minecraft:oak_leaves":1,"minecraft:white_stained_glass":1,"minecraft:black_wool":1,"minecraft:brown_concrete":3,"minecraft:redstone":1},"minecraft:custom":{"minecraft:leave_game":5,"minecraft:time_since_death":44810,"minecraft:climb_one_cm":556,"minecraft:time_since_rest":44833,"minecraft:sprint_one_cm":124259,"minecraft:walk_one_cm":434157,"minecraft:damage_taken":60,"minecraft:drop":78,"minecraft:fly_one_cm":1362679,"minecraft:crouch_one_cm":8155,"minecraft:play_time":224910,"minecraft:deaths":3,"minecraft:sneak_time":9375,"minecraft:walk_under_water_one_cm":25742,"minecraft:jump":1586,"minecraft:walk_on_water_one_cm":12781,"minecraft:total_world_time":224910,"minecraft:fall_one_cm":1542,"minecraft:inspect_dispenser":1},"minecraft:picked_up":{"minecraft:barrier":1,"minecraft:repeater":1,"minecraft:flower_pot":1,"minecraft:iron_door":2,"minecraft:brown_wool":1,"minecraft:light":1,"minecraft:flint_and_steel":1,"minecraft:brown_stained_glass_pane":1,"minecraft:spruce_wood":1,"minecraft:stripped_oak_wood":1,"minecraft:mangrove_planks":1,"minecraft:spruce_trapdoor":1,"minecraft:dark_oak_stairs":1,"minecraft:debug_stick":1,"minecraft:stripped_mangrove_wood":1,"minecraft:brown_terracotta":1,"minecraft:brown_concrete_powder":15,"minecraft:waxed_copper_grate":1,"minecraft:brown_carpet":89,"minecraft:lever":2,"minecraft:painting":12,"minecraft:light_gray_carpet":1,"minecraft:brown_banner":25,"minecraft:oak_leaves":1},"minecraft:used":{"minecraft:oak_trapdoor":13,"minecraft:oak_fence":6,"minecraft:dark_oak_stairs":139,"minecraft:iron_bars":62,"minecraft:polished_andesite":256,"minecraft:spruce_slab":20,"minecraft:redstone":2,"minecraft:powered_rail":4,"minecraft:mangrove_planks":6,"minecraft:light_gray_carpet":2,"minecraft:polished_basalt":4,"minecraft:decorated_pot":4,"minecraft:brown_concrete":102,"minecraft:stone":561,"minecraft:cut_sandstone":1,"minecraft:composter":1,"minecraft:mangrove_fence":13,"minecraft:smooth_sandstone_stairs":143,"minecraft:structure_block":13,"minecraft:oak_leaves":103,"minecraft:debug_stick":49,"minecraft:white_wool":65,"minecraft:pink_concrete":8,"minecraft:stripped_mangrove_wood":198,"minecraft:mangrove_trapdoor":296,"minecraft:tnt":80,"minecraft:oak_slab":12,"minecraft:spruce_stairs":2,"minecraft:jungle_planks":12,"minecraft:brown_banner":95,"minecraft:cobblestone_wall":9,"minecraft:waxed_copper_grate":35,"minecraft:note_block":2,"minecraft:painting":36,"minecraft:spruce_fence":16,"minecraft:blue_concrete":2,"minecraft:spruce_log":194,"minecraft:stripped_spruce_log":23,"minecraft:waxed_copper_trapdoor":32,"minecraft:black_wool":81,"minecraft:oak_log":47,"minecraft:glass":265,"minecraft:lever":9,"minecraft:brown_terracotta":40,"minecraft:dark_oak_planks":127,"minecraft:flower_pot":5,"minecraft:light":78,"minecraft:black_concrete":58,"minecraft:cyan_terracotta":1,"minecraft:bookshelf":42,"minecraft:command_block":7,"minecraft:spruce_wood":363,"minecraft:iron_block":1,"minecraft:grass_block":93,"minecraft:brown_wool":73,"minecraft:barrier":78,"minecraft:stone_button":7,"minecraft:smooth_sandstone":2,"minecraft:detector_rail":1,"minecraft:jungle_stairs":23,"minecraft:dark_oak_slab":144,"minecraft:spruce_trapdoor":158,"minecraft:iron_door":3,"minecraft:pink_wool":27,"minecraft:stone_bricks":8,"minecraft:yellow_wool":5,"minecraft:birch_trapdoor":44,"minecraft:brown_stained_glass_pane":143,"minecraft:redstone_lamp":6,"minecraft:cobblestone":12,"minecraft:brown_carpet":121,"minecraft:scaffolding":123,"minecraft:mangrove_slab":156,"minecraft:stripped_oak_wood":248,"minecraft:dark_oak_fence":4,"minecraft:white_stained_glass":2,"minecraft:andesite":15,"minecraft:repeating_command_block":4,"minecraft:waxed_cut_copper_stairs":49,"minecraft:smooth_stone":3,"minecraft:white_concrete":1,"minecraft:gray_wool":95,"minecraft:waxed_copper_bulb":31,"minecraft:jukebox":1,"minecraft:brown_concrete_powder":90}},"DataVersion":3953}