{"stats":{"minecraft:dropped":{"minecraft:gray_wool":1,"minecraft:detector_rail":1,"minecraft:repeater":1,"minecraft:powered_rail":1,"minecraft:mangrove_planks":2,"minecraft:black_wool":1},"minecraft:picked_up":{"minecraft:repeater":1,"minecraft:brown_carpet":14,"minecraft:lever":1},"minecraft:custom":{"minecraft:time_since_rest":46929,"minecraft:sprint_one_cm":24800,"minecraft:damage_taken":60,"minecraft:walk_one_cm":104747,"minecraft:drop":7,"minecraft:fly_one_cm":308475,"minecraft:crouch_one_cm":5024,"minecraft:play_time":46929,"minecraft:sneak_time":2575,"minecraft:walk_under_water_one_cm":14423,"minecraft:jump":334,"minecraft:leave_game":1,"minecraft:time_since_death":46929,"minecraft:walk_on_water_one_cm":4622,"minecraft:total_world_time":46929,"minecraft:climb_one_cm":321,"minecraft:fall_one_cm":1542},"minecraft:used":{"minecraft:oak_log":47,"minecraft:oak_fence":5,"minecraft:glass":60,"minecraft:lever":3,"minecraft:brown_terracotta":5,"minecraft:black_concrete":17,"minecraft:black_wool":81,"minecraft:command_block":6,"minecraft:spruce_wood":115,"minecraft:spruce_slab":5,"minecraft:powered_rail":4,"minecraft:brown_wool":2,"minecraft:mangrove_planks":2,"minecraft:smooth_sandstone":2,"minecraft:detector_rail":1,"minecraft:brown_concrete":9,"minecraft:cut_sandstone":1,"minecraft:mangrove_fence":12,"minecraft:smooth_sandstone_stairs":32,"minecraft:yellow_wool":5,"minecraft:debug_stick":23,"minecraft:white_wool":65,"minecraft:birch_trapdoor":21,"minecraft:stripped_mangrove_wood":10,"minecraft:brown_stained_glass_pane":23,"minecraft:brown_carpet":38,"minecraft:scaffolding":50,"minecraft:stripped_oak_wood":105,"minecraft:brown_banner":7,"minecraft:cobblestone_wall":9,"minecraft:waxed_copper_grate":13,"minecraft:waxed_cut_copper_stairs":6,"minecraft:gray_wool":23,"minecraft:waxed_copper_bulb":3,"minecraft:brown_concrete_powder":5,"minecraft:waxed_copper_trapdoor":32}},"DataVersion":3953}