{"stats":{"minecraft:dropped":{"minecraft:stripped_spruce_log":1,"minecraft:dark_oak_stairs":1,"minecraft:stripped_mangrove_wood":4,"minecraft:oak_log":1,"minecraft:tnt":64,"minecraft:loom":1,"minecraft:waxed_oxidized_cut_copper_stairs":1,"minecraft:stripped_birch_wood":1,"minecraft:oak_fence":2,"minecraft:barrier":2,"minecraft:waxed_copper_grate":1,"minecraft:lantern":8,"minecraft:deepslate_tile_wall":1,"minecraft:mangrove_planks":5,"minecraft:waxed_weathered_copper_trapdoor":1,"minecraft:deepslate_tile_slab":2,"minecraft:spruce_door":65,"minecraft:brown_banner":2,"minecraft:spruce_stairs":1,"minecraft:grass_block":3,"minecraft:polished_andesite":1,"minecraft:gold_block":1,"minecraft:deepslate_tile_stairs":1,"minecraft:cyan_terracotta":1,"minecraft:iron_block":1,"minecraft:brown_concrete_powder":19,"minecraft:gray_wool":1,"minecraft:birch_fence":2,"minecraft:stone_button":2,"minecraft:cherry_trapdoor":1,"minecraft:torch":2,"minecraft:repeater":1,"minecraft:white_concrete":1,"minecraft:brown_wool":5,"minecraft:waxed_copper_bulb":1,"minecraft:iron_door":2,"minecraft:brown_terracotta":4,"minecraft:stripped_birch_log":1,"minecraft:chain":2,"minecraft:acacia_fence_gate":1,"minecraft:polished_basalt":1,"minecraft:smooth_stone":1,"minecraft:stripped_oak_wood":3,"minecraft:white_wool":2,"minecraft:acacia_planks":1,"minecraft:redstone":1,"minecraft:polished_deepslate":1,"minecraft:waxed_cut_copper_stairs":1,"minecraft:lever":2,"minecraft:detector_rail":1,"minecraft:yellow_wool":1,"minecraft:brown_stained_glass_pane":1,"minecraft:soul_lantern":3,"minecraft:composter":1,"minecraft:blue_concrete":2,"minecraft:netherite_shovel":2,"minecraft:structure_block":2,"minecraft:light_gray_carpet":1,"minecraft:suspicious_gravel":1,"minecraft:light_blue_concrete":1,"minecraft:debug_stick":1,"minecraft:waxed_oxidized_cut_copper_slab":1,"minecraft:spruce_fence":3,"minecraft:birch_fence_gate":1,"minecraft:mangrove_fence":1,"minecraft:flint_and_steel":2,"minecraft:waxed_weathered_copper_grate":1,"minecraft:light":2,"minecraft:stone":1,"minecraft:flower_pot":2,"minecraft:spruce_trapdoor":202,"minecraft:jungle_stairs":1,"minecraft:spruce_pressure_plate":1,"minecraft:acacia_slab":1,"minecraft:spruce_wood":4,"minecraft:spruce_slab":4,"minecraft:iron_bars":1,"minecraft:powered_rail":1,"minecraft:glass":2,"minecraft:campfire":1,"minecraft:green_concrete_powder":1,"minecraft:acacia_fence":1,"minecraft:white_stained_glass":2,"minecraft:oak_leaves":1,"minecraft:waxed_oxidized_copper_grate":1,"minecraft:waxed_oxidized_copper_trapdoor":1,"minecraft:black_wool":1,"minecraft:brown_concrete":3},"minecraft:custom":{"minecraft:leave_game":6,"minecraft:time_since_death":91628,"minecraft:climb_one_cm":880,"minecraft:sprint_one_cm":197384,"minecraft:walk_one_cm":606075,"minecraft:drop":158,"minecraft:play_time":399881,"minecraft:deaths":7,"minecraft:sneak_time":19685,"minecraft:walk_under_water_one_cm":54706,"minecraft:jump":2173,"minecraft:walk_on_water_one_cm":30207,"minecraft:total_world_time":399881,"minecraft:time_since_rest":91656,"minecraft:damage_taken":211,"minecraft:fly_one_cm":3372790,"minecraft:crouch_one_cm":9328,"minecraft:fall_one_cm":1542,"minecraft:inspect_dispenser":1},"minecraft:picked_up":{"minecraft:flower_pot":1,"minecraft:light":1,"minecraft:flint_and_steel":1,"minecraft:brown_stained_glass_pane":1,"minecraft:written_book":1,"minecraft:spruce_trapdoor":1,"minecraft:stripped_mangrove_wood":1,"minecraft:brown_terracotta":1,"minecraft:torch":1,"minecraft:stone_button":2,"minecraft:brown_concrete_powder":15,"minecraft:waxed_copper_grate":1,"minecraft:brown_carpet":89,"minecraft:waxed_oxidized_cut_copper_stairs":1,"minecraft:iron_bars":1,"minecraft:barrier":1,"minecraft:repeater":1,"minecraft:iron_door":5,"minecraft:brown_wool":1,"minecraft:waxed_weathered_copper_grate":1,"minecraft:lantern":8,"minecraft:spruce_wood":1,"minecraft:waxed_weathered_cut_copper_slab":1,"minecraft:waxed_weathered_cut_copper_stairs":1,"minecraft:stripped_oak_wood":1,"minecraft:mangrove_planks":1,"minecraft:dark_oak_stairs":1,"minecraft:waxed_oxidized_copper_trapdoor":1,"minecraft:debug_stick":1,"minecraft:spruce_log":13,"minecraft:waxed_weathered_copper_trapdoor":1,"minecraft:soul_lantern":3,"minecraft:lever":2,"minecraft:waxed_oxidized_copper_grate":1,"minecraft:painting":12,"minecraft:spruce_button":5,"minecraft:waxed_oxidized_cut_copper_slab":1,"minecraft:brown_banner":25,"minecraft:light_gray_carpet":1,"minecraft:oak_leaves":1},"minecraft:used":{"minecraft:oak_fence":6,"minecraft:oak_trapdoor":13,"minecraft:iron_bars":65,"minecraft:spruce_slab":29,"minecraft:redstone":2,"minecraft:light_gray_carpet":4,"minecraft:polished_basalt":12,"minecraft:decorated_pot":4,"minecraft:stone":984,"minecraft:brown_concrete":102,"minecraft:mangrove_fence":13,"minecraft:structure_block":37,"minecraft:smooth_sandstone_stairs":143,"minecraft:green_terracotta":10,"minecraft:debug_stick":242,"minecraft:torch":13,"minecraft:jungle_planks":12,"minecraft:spruce_stairs":4,"minecraft:cobblestone_wall":9,"minecraft:deepslate_tile_slab":12,"minecraft:stone_stairs":1,"minecraft:waxed_copper_grate":78,"minecraft:spruce_fence":20,"minecraft:blue_concrete":7,"minecraft:stripped_spruce_log":36,"minecraft:waxed_copper_trapdoor":32,"minecraft:glass":887,"minecraft:dark_oak_planks":127,"minecraft:brown_terracotta":40,"minecraft:sea_lantern":318,"minecraft:cyan_terracotta":1,"minecraft:netherite_shovel":6,"minecraft:bookshelf":42,"minecraft:spruce_wood":363,"minecraft:iron_block":1,"minecraft:grass_block":102,"minecraft:spruce_button":3,"minecraft:smooth_sandstone":2,"minecraft:dark_oak_slab":144,"minecraft:pink_wool":27,"minecraft:stone_brick_stairs":5,"minecraft:stone_bricks":29,"minecraft:birch_trapdoor":44,"minecraft:redstone_lamp":94,"minecraft:brown_carpet":121,"minecraft:scaffolding":123,"minecraft:lime_stained_glass":10,"minecraft:deepslate_tile_stairs":9,"minecraft:mangrove_slab":156,"minecraft:gold_block":130,"minecraft:brown_concrete_powder":90,"minecraft:dark_oak_stairs":165,"minecraft:powered_rail":4,"minecraft:polished_andesite":575,"minecraft:mangrove_planks":6,"minecraft:cut_sandstone":1,"minecraft:composter":1,"minecraft:oak_leaves":103,"minecraft:white_wool":261,"minecraft:pink_concrete":8,"minecraft:stripped_mangrove_wood":203,"minecraft:lime_terracotta":288,"minecraft:mangrove_trapdoor":304,"minecraft:oak_slab":12,"minecraft:tnt":152,"minecraft:brown_banner":95,"minecraft:campfire":13,"minecraft:note_block":2,"minecraft:gray_concrete":12,"minecraft:painting":36,"minecraft:spruce_log":301,"minecraft:deepslate_tile_wall":15,"minecraft:oak_log":54,"minecraft:lever":17,"minecraft:flower_pot":5,"minecraft:light":92,"minecraft:black_concrete":58,"minecraft:black_wool":81,"minecraft:command_block":7,"minecraft:barrier":84,"minecraft:brown_wool":73,"minecraft:stone_button":19,"minecraft:jungle_stairs":23,"minecraft:detector_rail":1,"minecraft:spruce_trapdoor":170,"minecraft:iron_door":10,"minecraft:yellow_wool":5,"minecraft:brown_stained_glass_pane":143,"minecraft:suspicious_gravel":16,"minecraft:cobblestone":46,"minecraft:stripped_oak_wood":248,"minecraft:dark_oak_fence":4,"minecraft:white_stained_glass":648,"minecraft:andesite_stairs":8,"minecraft:andesite":52,"minecraft:chain":7,"minecraft:repeating_command_block":8,"minecraft:waxed_cut_copper_stairs":154,"minecraft:white_concrete":19,"minecraft:gray_wool":95,"minecraft:jukebox":1,"minecraft:waxed_copper_bulb":77,"minecraft:smooth_stone":5}},"DataVersion":3953}