{"stats":{"minecraft:dropped":{"minecraft:gray_wool":1,"minecraft:powered_rail":1,"minecraft:detector_rail":1,"minecraft:repeater":1,"minecraft:black_wool":1},"minecraft:picked_up":{"minecraft:repeater":1,"minecraft:lever":1},"minecraft:custom":{"minecraft:time_since_rest":22929,"minecraft:crouch_one_cm":2133,"minecraft:play_time":22929,"minecraft:sprint_one_cm":8113,"minecraft:damage_taken":60,"minecraft:walk_one_cm":14895,"minecraft:sneak_time":1287,"minecraft:walk_under_water_one_cm":8117,"minecraft:drop":5,"minecraft:jump":106,"minecraft:leave_game":1,"minecraft:walk_on_water_one_cm":2931,"minecraft:time_since_death":22929,"minecraft:total_world_time":22929,"minecraft:fall_one_cm":1542,"minecraft:fly_one_cm":224774},"minecraft:used":{"minecraft:yellow_wool":5,"minecraft:glass":58,"minecraft:debug_stick":23,"minecraft:black_wool":4,"minecraft:black_concrete":17,"minecraft:stripped_oak_wood":3,"minecraft:powered_rail":4,"minecraft:cobblestone_wall":9,"minecraft:waxed_cut_copper_stairs":6,"minecraft:detector_rail":1,"minecraft:waxed_copper_grate":13,"minecraft:gray_wool":23,"minecraft:waxed_copper_bulb":3,"minecraft:waxed_copper_trapdoor":17}},"DataVersion":3953}