{"stats":{"minecraft:picked_up":{"minecraft:repeater":1,"minecraft:flower_pot":1,"minecraft:brown_wool":1,"minecraft:flint_and_steel":1,"minecraft:brown_stained_glass_pane":1,"minecraft:spruce_wood":1,"minecraft:stripped_oak_wood":1,"minecraft:mangrove_planks":1,"minecraft:dark_oak_stairs":1,"minecraft:spruce_trapdoor":1,"minecraft:stripped_mangrove_wood":1,"minecraft:brown_terracotta":1,"minecraft:brown_concrete_powder":15,"minecraft:brown_carpet":73,"minecraft:lever":1,"minecraft:brown_banner":15,"minecraft:oak_leaves":1},"minecraft:custom":{"minecraft:leave_game":4,"minecraft:time_since_death":100501,"minecraft:climb_one_cm":321,"minecraft:time_since_rest":100526,"minecraft:sprint_one_cm":107294,"minecraft:damage_taken":60,"minecraft:walk_one_cm":350138,"minecraft:drop":59,"minecraft:fly_one_cm":994432,"minecraft:crouch_one_cm":7217,"minecraft:play_time":168786,"minecraft:deaths":2,"minecraft:sneak_time":6917,"minecraft:walk_under_water_one_cm":20987,"minecraft:jump":1355,"minecraft:walk_on_water_one_cm":11625,"minecraft:total_world_time":168786,"minecraft:fall_one_cm":1542},"minecraft:dropped":{"minecraft:dark_oak_stairs":1,"minecraft:stripped_mangrove_wood":3,"minecraft:detector_rail":1,"minecraft:loom":1,"minecraft:yellow_wool":1,"minecraft:brown_stained_glass_pane":1,"minecraft:composter":1,"minecraft:oak_fence":1,"minecraft:waxed_copper_grate":1,"minecraft:mangrove_planks":5,"minecraft:brown_banner":2,"minecraft:spruce_stairs":1,"minecraft:spruce_fence":1,"minecraft:mangrove_fence":1,"minecraft:flint_and_steel":2,"minecraft:light":1,"minecraft:cyan_terracotta":1,"minecraft:brown_concrete_powder":17,"minecraft:gray_wool":1,"minecraft:flower_pot":2,"minecraft:spruce_trapdoor":3,"minecraft:jungle_stairs":1,"minecraft:repeater":1,"minecraft:brown_wool":5,"minecraft:waxed_copper_bulb":1,"minecraft:spruce_wood":2,"minecraft:brown_terracotta":3,"minecraft:powered_rail":1,"minecraft:stripped_oak_wood":3,"minecraft:green_concrete_powder":1,"minecraft:oak_leaves":1,"minecraft:black_wool":1,"minecraft:brown_concrete":3},"minecraft:used":{"minecraft:oak_fence":5,"minecraft:oak_trapdoor":13,"minecraft:dark_oak_stairs":86,"minecraft:spruce_slab":20,"minecraft:powered_rail":4,"minecraft:mangrove_planks":6,"minecraft:decorated_pot":4,"minecraft:brown_concrete":102,"minecraft:cut_sandstone":1,"minecraft:composter":1,"minecraft:mangrove_fence":12,"minecraft:structure_block":11,"minecraft:smooth_sandstone_stairs":143,"minecraft:oak_leaves":103,"minecraft:debug_stick":31,"minecraft:white_wool":65,"minecraft:stripped_mangrove_wood":185,"minecraft:mangrove_trapdoor":294,"minecraft:oak_slab":12,"minecraft:brown_banner":95,"minecraft:jungle_planks":12,"minecraft:spruce_stairs":2,"minecraft:cobblestone_wall":9,"minecraft:waxed_copper_grate":35,"minecraft:note_block":2,"minecraft:painting":36,"minecraft:spruce_fence":5,"minecraft:waxed_copper_trapdoor":32,"minecraft:flower_pot":5,"minecraft:oak_log":47,"minecraft:cyan_terracotta":1,"minecraft:glass":195,"minecraft:black_concrete":17,"minecraft:brown_terracotta":40,"minecraft:dark_oak_planks":124,"minecraft:lever":3,"minecraft:light":78,"minecraft:black_wool":81,"minecraft:bookshelf":42,"minecraft:command_block":6,"minecraft:spruce_wood":343,"minecraft:grass_block":93,"minecraft:brown_wool":73,"minecraft:barrier":77,"minecraft:smooth_sandstone":2,"minecraft:detector_rail":1,"minecraft:jungle_stairs":23,"minecraft:dark_oak_slab":144,"minecraft:spruce_trapdoor":158,"minecraft:yellow_wool":5,"minecraft:birch_trapdoor":44,"minecraft:brown_stained_glass_pane":143,"minecraft:redstone_lamp":6,"minecraft:brown_carpet":121,"minecraft:scaffolding":123,"minecraft:stripped_oak_wood":221,"minecraft:mangrove_slab":149,"minecraft:dark_oak_fence":4,"minecraft:waxed_cut_copper_stairs":46,"minecraft:gray_wool":23,"minecraft:jukebox":1,"minecraft:waxed_copper_bulb":31,"minecraft:brown_concrete_powder":90}},"DataVersion":3953}