{"stats":{"minecraft:dropped":{"minecraft:gray_wool":1,"minecraft:powered_rail":1,"minecraft:detector_rail":1,"minecraft:repeater":1},"minecraft:used":{"minecraft:yellow_wool":3,"minecraft:black_concrete":17,"minecraft:glass":32,"minecraft:debug_stick":23,"minecraft:black_wool":1,"minecraft:powered_rail":4,"minecraft:detector_rail":1,"minecraft:waxed_cut_copper_stairs":2,"minecraft:waxed_copper_grate":2,"minecraft:gray_wool":23,"minecraft:waxed_copper_bulb":1},"minecraft:picked_up":{"minecraft:repeater":1},"minecraft:custom":{"minecraft:time_since_rest":17663,"minecraft:crouch_one_cm":64,"minecraft:play_time":17663,"minecraft:sprint_one_cm":1827,"minecraft:damage_taken":60,"minecraft:walk_one_cm":6137,"minecraft:sneak_time":374,"minecraft:drop":4,"minecraft:jump":49,"minecraft:leave_game":1,"minecraft:time_since_death":17663,"minecraft:walk_on_water_one_cm":1338,"minecraft:total_world_time":17663,"minecraft:fall_one_cm":1542,"minecraft:fly_one_cm":151148}},"DataVersion":3953}