{"stats":{"minecraft:custom":{"minecraft:leave_game":10,"minecraft:time_since_death":6072,"minecraft:climb_one_cm":880,"minecraft:sprint_one_cm":214136,"minecraft:walk_one_cm":622250,"minecraft:drop":163,"minecraft:play_time":456103,"minecraft:deaths":10,"minecraft:sneak_time":22645,"minecraft:walk_under_water_one_cm":63918,"minecraft:jump":2310,"minecraft:walk_on_water_one_cm":30919,"minecraft:total_world_time":456103,"minecraft:time_since_rest":6101,"minecraft:damage_taken":211,"minecraft:swim_one_cm":1955,"minecraft:fly_one_cm":3845606,"minecraft:crouch_one_cm":11341,"minecraft:fall_one_cm":1542,"minecraft:inspect_dispenser":1},"minecraft:picked_up":{"minecraft:flower_pot":1,"minecraft:light":1,"minecraft:flint_and_steel":1,"minecraft:brown_stained_glass_pane":1,"minecraft:written_book":1,"minecraft:spruce_trapdoor":2,"minecraft:stripped_mangrove_wood":1,"minecraft:brown_terracotta":1,"minecraft:torch":1,"minecraft:stone_button":2,"minecraft:brown_concrete_powder":15,"minecraft:waxed_copper_grate":1,"minecraft:brown_carpet":89,"minecraft:waxed_oxidized_cut_copper_stairs":1,"minecraft:iron_bars":1,"minecraft:barrier":1,"minecraft:repeater":1,"minecraft:iron_door":5,"minecraft:brown_wool":1,"minecraft:waxed_weathered_copper_grate":1,"minecraft:lantern":8,"minecraft:spruce_wood":1,"minecraft:waxed_weathered_cut_copper_slab":1,"minecraft:waxed_weathered_cut_copper_stairs":1,"minecraft:stripped_oak_wood":1,"minecraft:mangrove_planks":1,"minecraft:dark_oak_stairs":1,"minecraft:waxed_oxidized_copper_trapdoor":1,"minecraft:debug_stick":1,"minecraft:spruce_log":13,"minecraft:waxed_weathered_copper_trapdoor":1,"minecraft:soul_lantern":3,"minecraft:lever":2,"minecraft:waxed_oxidized_copper_grate":1,"minecraft:painting":12,"minecraft:spruce_button":5,"minecraft:waxed_oxidized_cut_copper_slab":1,"minecraft:light_gray_carpet":1,"minecraft:brown_banner":25,"minecraft:oak_leaves":1},"minecraft:used":{"minecraft:oak_fence":6,"minecraft:oak_trapdoor":13,"minecraft:red_sand":7,"minecraft:iron_bars":65,"minecraft:light_gray_stained_glass_pane":17,"minecraft:spruce_slab":29,"minecraft:redstone":2,"minecraft:light_gray_carpet":4,"minecraft:polished_basalt":12,"minecraft:decorated_pot":4,"minecraft:stone":984,"minecraft:brown_concrete":102,"minecraft:mangrove_fence":14,"minecraft:smooth_sandstone_stairs":143,"minecraft:structure_block":40,"minecraft:green_terracotta":10,"minecraft:debug_stick":285,"minecraft:torch":13,"minecraft:jungle_planks":12,"minecraft:spruce_stairs":4,"minecraft:cobblestone_wall":9,"minecraft:stone_stairs":1,"minecraft:orange_wool":6,"minecraft:deepslate_tile_slab":12,"minecraft:waxed_copper_grate":110,"minecraft:spruce_fence":20,"minecraft:blue_concrete":7,"minecraft:stripped_spruce_log":36,"minecraft:waxed_copper_trapdoor":32,"minecraft:glass":1188,"minecraft:brown_terracotta":40,"minecraft:dark_oak_planks":127,"minecraft:sea_lantern":318,"minecraft:cyan_terracotta":1,"minecraft:lava_bucket":151,"minecraft:netherite_shovel":6,"minecraft:bookshelf":42,"minecraft:spruce_wood":363,"minecraft:iron_block":1,"minecraft:grass_block":102,"minecraft:spruce_button":3,"minecraft:smooth_sandstone":2,"minecraft:jungle_log":3,"minecraft:dark_oak_slab":144,"minecraft:pink_wool":27,"minecraft:stone_brick_stairs":5,"minecraft:stone_bricks":29,"minecraft:birch_trapdoor":45,"minecraft:redstone_lamp":94,"minecraft:brown_carpet":121,"minecraft:written_book":2,"minecraft:scaffolding":123,"minecraft:lime_stained_glass":10,"minecraft:deepslate_tile_stairs":9,"minecraft:mangrove_slab":156,"minecraft:gold_block":130,"minecraft:brown_concrete_powder":90,"minecraft:dark_oak_stairs":165,"minecraft:powered_rail":4,"minecraft:polished_andesite":575,"minecraft:mangrove_planks":6,"minecraft:ender_pearl":8,"minecraft:cut_sandstone":1,"minecraft:composter":1,"minecraft:cobblestone_slab":1,"minecraft:oak_leaves":103,"minecraft:white_wool":261,"minecraft:pink_concrete":8,"minecraft:stripped_mangrove_wood":204,"minecraft:lime_terracotta":288,"minecraft:sand":7,"minecraft:mangrove_trapdoor":304,"minecraft:oak_slab":12,"minecraft:tnt":152,"minecraft:brown_banner":95,"minecraft:yellow_concrete":11,"minecraft:campfire":14,"minecraft:note_block":2,"minecraft:gray_concrete":12,"minecraft:painting":36,"minecraft:spruce_log":301,"minecraft:deepslate_tile_wall":15,"minecraft:oak_log":55,"minecraft:lever":17,"minecraft:flower_pot":5,"minecraft:light":110,"minecraft:black_concrete":79,"minecraft:black_wool":81,"minecraft:command_block":7,"minecraft:brown_wool":73,"minecraft:barrier":225,"minecraft:stone_button":19,"minecraft:detector_rail":1,"minecraft:jungle_stairs":23,"minecraft:spruce_trapdoor":172,"minecraft:iron_door":10,"minecraft:yellow_wool":5,"minecraft:brown_stained_glass_pane":143,"minecraft:suspicious_gravel":16,"minecraft:cobblestone":47,"minecraft:stripped_oak_wood":248,"minecraft:dark_oak_fence":4,"minecraft:white_stained_glass":648,"minecraft:andesite_stairs":8,"minecraft:andesite":52,"minecraft:chain":7,"minecraft:smooth_stone_slab":4,"minecraft:repeating_command_block":8,"minecraft:waxed_cut_copper_stairs":219,"minecraft:white_concrete":19,"minecraft:gray_wool":95,"minecraft:smooth_stone":5,"minecraft:waxed_copper_bulb":111,"minecraft:jukebox":1},"minecraft:dropped":{"minecraft:stripped_spruce_log":1,"minecraft:dark_oak_stairs":1,"minecraft:stripped_mangrove_wood":4,"minecraft:oak_log":1,"minecraft:tnt":64,"minecraft:loom":1,"minecraft:ender_pearl":1,"minecraft:waxed_oxidized_cut_copper_stairs":1,"minecraft:stripped_birch_wood":1,"minecraft:oak_fence":2,"minecraft:barrier":2,"minecraft:waxed_copper_grate":2,"minecraft:lantern":8,"minecraft:deepslate_tile_wall":1,"minecraft:mangrove_planks":5,"minecraft:spruce_stairs":1,"minecraft:deepslate_tile_slab":2,"minecraft:brown_banner":2,"minecraft:waxed_weathered_copper_trapdoor":1,"minecraft:spruce_door":65,"minecraft:grass_block":3,"minecraft:polished_andesite":1,"minecraft:gold_block":1,"minecraft:deepslate_tile_stairs":1,"minecraft:cyan_terracotta":1,"minecraft:iron_block":1,"minecraft:brown_concrete_powder":19,"minecraft:gray_wool":1,"minecraft:birch_fence":2,"minecraft:stone_button":2,"minecraft:cherry_trapdoor":1,"minecraft:torch":2,"minecraft:repeater":1,"minecraft:white_concrete":1,"minecraft:brown_wool":5,"minecraft:waxed_copper_bulb":1,"minecraft:iron_door":2,"minecraft:brown_terracotta":4,"minecraft:stripped_birch_log":1,"minecraft:chain":2,"minecraft:acacia_fence_gate":1,"minecraft:polished_basalt":1,"minecraft:smooth_stone":1,"minecraft:stripped_oak_wood":3,"minecraft:white_wool":2,"minecraft:acacia_planks":1,"minecraft:redstone":1,"minecraft:polished_deepslate":1,"minecraft:waxed_cut_copper_stairs":1,"minecraft:lever":2,"minecraft:detector_rail":1,"minecraft:yellow_wool":1,"minecraft:brown_stained_glass_pane":1,"minecraft:soul_lantern":3,"minecraft:composter":1,"minecraft:blue_concrete":2,"minecraft:structure_block":2,"minecraft:netherite_shovel":2,"minecraft:light_gray_carpet":1,"minecraft:suspicious_gravel":1,"minecraft:debug_stick":1,"minecraft:light_blue_concrete":1,"minecraft:waxed_oxidized_cut_copper_slab":1,"minecraft:spruce_fence":3,"minecraft:birch_fence_gate":1,"minecraft:mangrove_fence":1,"minecraft:flint_and_steel":2,"minecraft:waxed_weathered_copper_grate":1,"minecraft:light":2,"minecraft:stone":1,"minecraft:flower_pot":2,"minecraft:spruce_trapdoor":204,"minecraft:jungle_stairs":1,"minecraft:spruce_pressure_plate":1,"minecraft:acacia_slab":1,"minecraft:spruce_wood":4,"minecraft:spruce_slab":4,"minecraft:iron_bars":1,"minecraft:powered_rail":1,"minecraft:glass":2,"minecraft:campfire":2,"minecraft:green_concrete_powder":1,"minecraft:acacia_fence":1,"minecraft:oak_leaves":1,"minecraft:white_stained_glass":2,"minecraft:waxed_oxidized_copper_trapdoor":1,"minecraft:black_wool":1,"minecraft:waxed_oxidized_copper_grate":1,"minecraft:brown_concrete":3}},"DataVersion":3953}