{"stats":{"minecraft:dropped":{"minecraft:stone_button":1,"minecraft:barrier":64,"minecraft:structure_void":128},"minecraft:used":{"minecraft:redstone_torch":21,"minecraft:dark_oak_stairs":29,"minecraft:oak_fence":9,"minecraft:sticky_piston":2,"minecraft:glass":5,"minecraft:netherite_block":932,"minecraft:lever":5,"minecraft:chiseled_bookshelf":2,"minecraft:water_bucket":10,"minecraft:bookshelf":43,"minecraft:iron_block":232,"minecraft:grass_block":63,"minecraft:dispenser":77,"minecraft:redstone":321,"minecraft:barrier":117,"minecraft:oak_planks":3,"minecraft:stone_button":3,"minecraft:spruce_planks":15,"minecraft:dark_oak_slab":1,"minecraft:stone":151,"minecraft:stone_bricks":26,"minecraft:yellow_wool":1,"minecraft:repeater":34,"minecraft:cherry_stairs":8,"minecraft:tnt":74,"minecraft:stripped_oak_wood":54,"minecraft:jungle_planks":25,"minecraft:podzol":4,"minecraft:white_stained_glass":10,"minecraft:oak_wood":3,"minecraft:glass_pane":1,"minecraft:sponge":1,"minecraft:observer":40,"minecraft:spruce_log":202,"minecraft:obsidian":2,"minecraft:oak_log":13},"minecraft:custom":{"minecraft:time_since_rest":190299,"minecraft:sprint_one_cm":24749,"minecraft:walk_one_cm":70857,"minecraft:drop":4,"minecraft:inspect_hopper":8,"minecraft:swim_one_cm":9060,"minecraft:fly_one_cm":1407369,"minecraft:open_chest":1,"minecraft:crouch_one_cm":19551,"minecraft:play_time":190299,"minecraft:open_shulker_box":4,"minecraft:sneak_time":21630,"minecraft:walk_under_water_one_cm":72416,"minecraft:jump":567,"minecraft:leave_game":5,"minecraft:time_since_death":190299,"minecraft:walk_on_water_one_cm":31261,"minecraft:climb_one_cm":1171,"minecraft:total_world_time":190299,"minecraft:inspect_dispenser":234},"minecraft:picked_up":{"minecraft:book":4,"minecraft:repeater":3,"minecraft:ladder":3,"minecraft:torch":1,"minecraft:oak_log":11,"minecraft:stone_button":2,"minecraft:redstone":26,"minecraft:tnt":921,"minecraft:dispenser":8,"minecraft:lever":2,"minecraft:deepslate_bricks":1,"minecraft:iron_block":12,"minecraft:redstone_torch":10,"minecraft:powered_rail":1}},"DataVersion":3953}