{"stats":{"minecraft:dropped":{"minecraft:barrier":65,"minecraft:structure_void":128,"minecraft:stone_button":1},"minecraft:used":{"minecraft:light_blue_carpet":3,"minecraft:oak_fence":70,"minecraft:dark_oak_stairs":90,"minecraft:chiseled_bookshelf":2,"minecraft:water_bucket":10,"minecraft:dirt_path":6,"minecraft:mangrove_planks":4,"minecraft:dispenser":77,"minecraft:redstone":474,"minecraft:oak_planks":24,"minecraft:ladder":2,"minecraft:oak_sign":1,"minecraft:spruce_planks":15,"minecraft:stone":159,"minecraft:mangrove_fence":13,"minecraft:structure_block":5,"minecraft:debug_stick":7,"minecraft:stripped_mangrove_wood":20,"minecraft:orange_carpet":15,"minecraft:lime_terracotta":39,"minecraft:mangrove_trapdoor":19,"minecraft:tnt":74,"minecraft:crafting_table":1,"minecraft:jungle_planks":25,"minecraft:cobblestone_wall":8,"minecraft:sponge":1,"minecraft:oak_wood":3,"minecraft:waxed_copper_grate":16,"minecraft:spruce_log":202,"minecraft:waxed_copper_trapdoor":9,"minecraft:obsidian":13,"minecraft:redstone_torch":26,"minecraft:oak_log":127,"minecraft:sticky_piston":2,"minecraft:glass":150,"minecraft:dark_oak_planks":4,"minecraft:netherite_block":992,"minecraft:lever":5,"minecraft:black_wool":6,"minecraft:black_concrete":77,"minecraft:bookshelf":78,"minecraft:wind_charge":4,"minecraft:oak_stairs":7,"minecraft:iron_block":232,"minecraft:grass_block":155,"minecraft:barrier":486,"minecraft:stone_button":3,"minecraft:stone_slab":17,"minecraft:dark_oak_leaves":8,"minecraft:dark_oak_slab":59,"minecraft:barrel":3,"minecraft:stone_bricks":203,"minecraft:yellow_wool":8,"minecraft:blue_carpet":5,"minecraft:tripwire_hook":5,"minecraft:repeater":49,"minecraft:redstone_lamp":18,"minecraft:cherry_stairs":8,"minecraft:stripped_oak_wood":54,"minecraft:furnace":1,"minecraft:mangrove_slab":22,"minecraft:podzol":4,"minecraft:white_stained_glass":10,"minecraft:glass_pane":1,"minecraft:waxed_cut_copper_stairs":9,"minecraft:gray_wool":127,"minecraft:observer":40,"minecraft:waxed_copper_bulb":5,"minecraft:bamboo_planks":25},"minecraft:custom":{"minecraft:inspect_hopper":8,"minecraft:open_shulker_box":4,"minecraft:leave_game":6,"minecraft:time_since_death":7286,"minecraft:climb_one_cm":6191,"minecraft:time_since_rest":7319,"minecraft:sprint_one_cm":26747,"minecraft:walk_one_cm":126319,"minecraft:drop":5,"minecraft:swim_one_cm":17994,"minecraft:fly_one_cm":2488419,"minecraft:open_chest":1,"minecraft:crouch_one_cm":31549,"minecraft:play_time":292138,"minecraft:deaths":1,"minecraft:sneak_time":35421,"minecraft:walk_under_water_one_cm":86886,"minecraft:jump":764,"minecraft:walk_on_water_one_cm":44015,"minecraft:total_world_time":292138,"minecraft:inspect_dispenser":265},"minecraft:picked_up":{"minecraft:barrier":1,"minecraft:repeater":5,"minecraft:ladder":3,"minecraft:orange_carpet":1,"minecraft:oak_log":11,"minecraft:wind_charge":1,"minecraft:stone_bricks":13,"minecraft:redstone_torch":10,"minecraft:powered_rail":1,"minecraft:oak_planks":2,"minecraft:book":13,"minecraft:dark_oak_slab":6,"minecraft:bamboo_planks":7,"minecraft:torch":1,"minecraft:stone_button":2,"minecraft:redstone":39,"minecraft:barrel":2,"minecraft:tnt":921,"minecraft:dispenser":8,"minecraft:lever":2,"minecraft:light_blue_carpet":1,"minecraft:deepslate_bricks":1,"minecraft:iron_block":12}},"DataVersion":3953}