{"stats":{"minecraft:dropped":{"minecraft:stone_button":1,"minecraft:barrier":64,"minecraft:structure_void":128},"minecraft:used":{"minecraft:redstone_torch":23,"minecraft:dark_oak_stairs":39,"minecraft:oak_fence":26,"minecraft:sticky_piston":2,"minecraft:glass":14,"minecraft:netherite_block":932,"minecraft:lever":5,"minecraft:chiseled_bookshelf":2,"minecraft:water_bucket":10,"minecraft:bookshelf":43,"minecraft:oak_stairs":4,"minecraft:iron_block":232,"minecraft:grass_block":131,"minecraft:dispenser":77,"minecraft:redstone":344,"minecraft:barrier":117,"minecraft:oak_planks":11,"minecraft:stone_button":3,"minecraft:spruce_planks":15,"minecraft:stone_slab":7,"minecraft:dark_oak_slab":3,"minecraft:stone":151,"minecraft:stone_bricks":93,"minecraft:yellow_wool":1,"minecraft:repeater":46,"minecraft:redstone_lamp":9,"minecraft:cherry_stairs":8,"minecraft:tnt":74,"minecraft:stripped_oak_wood":54,"minecraft:jungle_planks":25,"minecraft:podzol":4,"minecraft:white_stained_glass":10,"minecraft:oak_wood":3,"minecraft:glass_pane":1,"minecraft:sponge":1,"minecraft:observer":40,"minecraft:spruce_log":202,"minecraft:bamboo_planks":16,"minecraft:dark_oak_planks":1,"minecraft:obsidian":2,"minecraft:oak_log":73},"minecraft:custom":{"minecraft:time_since_rest":202299,"minecraft:sprint_one_cm":25568,"minecraft:walk_one_cm":86580,"minecraft:drop":4,"minecraft:inspect_hopper":8,"minecraft:swim_one_cm":14962,"minecraft:fly_one_cm":1498139,"minecraft:open_chest":1,"minecraft:crouch_one_cm":20360,"minecraft:play_time":202299,"minecraft:open_shulker_box":4,"minecraft:sneak_time":22857,"minecraft:walk_under_water_one_cm":76240,"minecraft:jump":591,"minecraft:leave_game":5,"minecraft:time_since_death":202299,"minecraft:walk_on_water_one_cm":31777,"minecraft:climb_one_cm":1171,"minecraft:total_world_time":202299,"minecraft:inspect_dispenser":237},"minecraft:picked_up":{"minecraft:book":4,"minecraft:bamboo_planks":3,"minecraft:repeater":3,"minecraft:ladder":3,"minecraft:torch":1,"minecraft:oak_log":11,"minecraft:stone_button":2,"minecraft:redstone":26,"minecraft:barrel":2,"minecraft:tnt":921,"minecraft:dispenser":8,"minecraft:stone_bricks":6,"minecraft:lever":2,"minecraft:deepslate_bricks":1,"minecraft:iron_block":12,"minecraft:redstone_torch":10,"minecraft:powered_rail":1,"minecraft:dark_oak_slab":6}},"DataVersion":3953}