{"stats":{"minecraft:custom":{"minecraft:interact_with_anvil":4,"minecraft:inspect_hopper":8,"minecraft:open_shulker_box":4,"minecraft:leave_game":40,"minecraft:time_since_death":7327,"minecraft:climb_one_cm":16022,"minecraft:sprint_one_cm":156752,"minecraft:walk_one_cm":454300,"minecraft:drop":14,"minecraft:play_time":1081439,"minecraft:deaths":20,"minecraft:sneak_time":87399,"minecraft:walk_under_water_one_cm":176899,"minecraft:jump":2147,"minecraft:walk_on_water_one_cm":92609,"minecraft:total_world_time":1081439,"minecraft:tune_noteblock":7,"minecraft:time_since_rest":7358,"minecraft:damage_dealt":541,"minecraft:swim_one_cm":60268,"minecraft:fly_one_cm":9362827,"minecraft:open_chest":5,"minecraft:crouch_one_cm":81027,"minecraft:aviate_one_cm":391130,"minecraft:inspect_dispenser":1005},"minecraft:picked_up":{"minecraft:ladder":3,"minecraft:wind_charge":1,"minecraft:polished_deepslate":1,"minecraft:moss_carpet":96,"minecraft:wooden_sword":1,"minecraft:item_frame":1,"minecraft:detector_rail":1,"minecraft:redstone_torch":13,"minecraft:torch":1,"minecraft:stone_button":2,"minecraft:trident":9,"minecraft:redstone":266,"minecraft:blue_carpet":1,"minecraft:brown_carpet":6,"minecraft:tnt":39619,"minecraft:lime_carpet":42,"minecraft:deepslate_bricks":1,"minecraft:iron_block":12,"minecraft:rail":2,"minecraft:barrier":1,"minecraft:repeater":37,"minecraft:orange_carpet":4,"minecraft:oak_log":11,"minecraft:deepslate_tile_slab":1,"minecraft:lantern":3,"minecraft:red_carpet":7,"minecraft:stone_bricks":13,"minecraft:rabbit":1,"minecraft:powered_rail":2,"minecraft:moss_block":1,"minecraft:mangrove_planks":1,"minecraft:oak_planks":2,"minecraft:dark_oak_stairs":1,"minecraft:book":13,"minecraft:dark_oak_slab":6,"minecraft:bamboo_planks":7,"minecraft:spruce_sapling":8,"minecraft:grass_block":1,"minecraft:green_carpet":1,"minecraft:barrel":3,"minecraft:dispenser":69,"minecraft:yellow_carpet":4,"minecraft:waxed_weathered_copper_trapdoor":1,"minecraft:soul_lantern":1,"minecraft:lever":2,"minecraft:polished_blackstone_button":2,"minecraft:light_blue_carpet":1,"minecraft:jack_o_lantern":1},"minecraft:used":{"minecraft:oak_fence":105,"minecraft:moss_block":105,"minecraft:trident":47,"minecraft:moss_carpet":38,"minecraft:jack_o_lantern":28,"minecraft:red_sand":13,"minecraft:iron_bars":7,"minecraft:polished_deepslate":428,"minecraft:dispenser":531,"minecraft:spruce_slab":86,"minecraft:redstone":951,"minecraft:elytra":1,"minecraft:ladder":4,"minecraft:oak_sign":1,"minecraft:spruce_planks":216,"minecraft:white_terracotta":21,"minecraft:brown_concrete":1,"minecraft:stone":331,"minecraft:mangrove_fence":15,"minecraft:structure_block":34,"minecraft:green_terracotta":4,"minecraft:orange_bed":2,"minecraft:debug_stick":98,"minecraft:spruce_leaves":139,"minecraft:dirt":2,"minecraft:soul_sand":1,"minecraft:anvil":5,"minecraft:red_nether_brick_slab":1,"minecraft:jungle_planks":25,"minecraft:spruce_stairs":14,"minecraft:cobblestone_wall":8,"minecraft:stone_stairs":4,"minecraft:cracked_deepslate_tiles":208,"minecraft:deepslate_tile_slab":1,"minecraft:oak_wood":3,"minecraft:yellow_carpet":20,"minecraft:waxed_copper_grate":28,"minecraft:spruce_fence":57,"minecraft:granite":8,"minecraft:blue_concrete":2,"minecraft:mud_brick_stairs":1,"minecraft:waxed_copper_trapdoor":14,"minecraft:obsidian":25,"minecraft:polished_deepslate_stairs":47,"minecraft:glass":330,"minecraft:dark_oak_planks":62,"minecraft:sea_lantern":18,"minecraft:bricks":58,"minecraft:bookshelf":108,"minecraft:lantern":11,"minecraft:iron_block":234,"minecraft:grass_block":576,"minecraft:oak_stairs":230,"minecraft:brick_stairs":1,"minecraft:green_wool":1,"minecraft:jungle_log":23,"minecraft:dark_oak_leaves":8,"minecraft:dark_oak_slab":59,"minecraft:mud_bricks":1,"minecraft:stone_bricks":573,"minecraft:stone_brick_stairs":47,"minecraft:barrel":6,"minecraft:item_frame":1,"minecraft:tripwire_hook":6,"minecraft:red_carpet":28,"minecraft:repeater":305,"minecraft:redstone_lamp":149,"minecraft:furnace":1,"minecraft:deepslate_tile_stairs":3,"minecraft:mangrove_slab":23,"minecraft:podzol":4,"minecraft:gold_block":14,"minecraft:acacia_planks":2,"minecraft:observer":40,"minecraft:orange_terracotta":1,"minecraft:bamboo_planks":25,"minecraft:light_blue_carpet":7,"minecraft:dark_oak_stairs":742,"minecraft:water_bucket":14,"minecraft:chiseled_bookshelf":2,"minecraft:diorite":4,"minecraft:dirt_path":6,"minecraft:lime_wool":11,"minecraft:polished_andesite":11,"minecraft:mangrove_planks":14,"minecraft:oak_planks":204,"minecraft:red_nether_bricks":2,"minecraft:cactus":8,"minecraft:structure_void":2,"minecraft:jungle_wood":1,"minecraft:stripped_mangrove_wood":27,"minecraft:lime_terracotta":166,"minecraft:orange_carpet":28,"minecraft:sand":9,"minecraft:mangrove_trapdoor":19,"minecraft:tnt":109,"minecraft:crafting_table":1,"minecraft:campfire":17,"minecraft:sponge":1,"minecraft:note_block":12,"minecraft:painting":9,"minecraft:spruce_log":983,"minecraft:lightning_rod":5,"minecraft:redstone_torch":76,"minecraft:oak_log":145,"minecraft:sticky_piston":2,"minecraft:netherite_block":1655,"minecraft:lever":5,"minecraft:green_concrete":2,"minecraft:black_wool":10,"minecraft:black_concrete":94,"minecraft:firework_rocket":9,"minecraft:wind_charge":4,"minecraft:light_gray_concrete":4,"minecraft:cracked_polished_blackstone_bricks":2,"minecraft:string":5,"minecraft:barrier":1132,"minecraft:oak_button":1,"minecraft:stone_button":8,"minecraft:jungle_stairs":28,"minecraft:stone_slab":17,"minecraft:yellow_wool":12,"minecraft:crimson_sign":10,"minecraft:chiseled_tuff_bricks":20,"minecraft:blue_carpet":17,"minecraft:brown_stained_glass_pane":2,"minecraft:wooden_sword":24,"minecraft:cobblestone":1,"minecraft:potion":1,"minecraft:cherry_stairs":8,"minecraft:stripped_oak_wood":82,"minecraft:white_stained_glass":12,"minecraft:andesite":10,"minecraft:glass_pane":1,"minecraft:waxed_cut_copper_stairs":13,"minecraft:polished_blackstone_button":4,"minecraft:stripped_oak_log":57,"minecraft:gray_wool":127,"minecraft:smooth_stone":36,"minecraft:waxed_copper_bulb":9,"minecraft:birch_stairs":17},"minecraft:dropped":{"minecraft:moss_block":1,"minecraft:dark_oak_stairs":1,"minecraft:barrier":65,"minecraft:grass_block":1,"minecraft:structure_void":128,"minecraft:item_frame":1,"minecraft:stone_button":1,"minecraft:jack_o_lantern":1,"minecraft:wooden_sword":1,"minecraft:white_wool":1,"minecraft:spruce_sapling":4,"minecraft:polished_deepslate":1}},"DataVersion":3953}