{"stats":{"minecraft:dropped":{"minecraft:barrier":65,"minecraft:structure_void":128,"minecraft:item_frame":1,"minecraft:stone_button":1},"minecraft:picked_up":{"minecraft:barrier":1,"minecraft:repeater":6,"minecraft:ladder":3,"minecraft:orange_carpet":1,"minecraft:oak_log":11,"minecraft:wind_charge":1,"minecraft:moss_carpet":26,"minecraft:item_frame":1,"minecraft:stone_bricks":13,"minecraft:detector_rail":1,"minecraft:redstone_torch":10,"minecraft:rabbit":1,"minecraft:powered_rail":2,"minecraft:mangrove_planks":1,"minecraft:oak_planks":2,"minecraft:book":13,"minecraft:dark_oak_slab":6,"minecraft:bamboo_planks":7,"minecraft:torch":1,"minecraft:stone_button":2,"minecraft:spruce_sapling":1,"minecraft:redstone":39,"minecraft:barrel":2,"minecraft:tnt":921,"minecraft:dispenser":8,"minecraft:deepslate_bricks":1,"minecraft:lever":2,"minecraft:light_blue_carpet":1,"minecraft:iron_block":12,"minecraft:rail":2},"minecraft:custom":{"minecraft:inspect_hopper":8,"minecraft:open_shulker_box":4,"minecraft:leave_game":8,"minecraft:time_since_death":16906,"minecraft:climb_one_cm":6191,"minecraft:time_since_rest":16955,"minecraft:sprint_one_cm":42345,"minecraft:walk_one_cm":162580,"minecraft:drop":6,"minecraft:swim_one_cm":22664,"minecraft:fly_one_cm":3487024,"minecraft:open_chest":1,"minecraft:crouch_one_cm":38462,"minecraft:play_time":369842,"minecraft:deaths":8,"minecraft:sneak_time":42776,"minecraft:walk_under_water_one_cm":107664,"minecraft:jump":1006,"minecraft:walk_on_water_one_cm":55497,"minecraft:total_world_time":369842,"minecraft:inspect_dispenser":270},"minecraft:used":{"minecraft:light_blue_carpet":3,"minecraft:oak_fence":70,"minecraft:dark_oak_stairs":326,"minecraft:chiseled_bookshelf":2,"minecraft:water_bucket":10,"minecraft:moss_carpet":38,"minecraft:dirt_path":6,"minecraft:spruce_slab":5,"minecraft:ladder":2,"minecraft:oak_planks":40,"minecraft:dispenser":77,"minecraft:redstone":489,"minecraft:mangrove_planks":13,"minecraft:red_nether_bricks":2,"minecraft:oak_sign":1,"minecraft:spruce_planks":15,"minecraft:brown_concrete":1,"minecraft:stone":175,"minecraft:mangrove_fence":15,"minecraft:structure_block":5,"minecraft:spruce_leaves":39,"minecraft:debug_stick":16,"minecraft:stripped_mangrove_wood":27,"minecraft:orange_carpet":15,"minecraft:soul_sand":1,"minecraft:lime_terracotta":39,"minecraft:mangrove_trapdoor":19,"minecraft:tnt":74,"minecraft:crafting_table":1,"minecraft:jungle_planks":25,"minecraft:cobblestone_wall":8,"minecraft:oak_wood":3,"minecraft:sponge":1,"minecraft:waxed_copper_grate":28,"minecraft:painting":9,"minecraft:blue_concrete":2,"minecraft:spruce_log":524,"minecraft:waxed_copper_trapdoor":14,"minecraft:obsidian":13,"minecraft:redstone_torch":26,"minecraft:oak_log":127,"minecraft:sticky_piston":2,"minecraft:glass":257,"minecraft:dark_oak_planks":4,"minecraft:netherite_block":1119,"minecraft:lever":5,"minecraft:green_concrete":2,"minecraft:black_wool":10,"minecraft:black_concrete":86,"minecraft:bookshelf":78,"minecraft:light_gray_concrete":4,"minecraft:wind_charge":4,"minecraft:iron_block":232,"minecraft:grass_block":156,"minecraft:oak_stairs":129,"minecraft:string":5,"minecraft:barrier":515,"minecraft:stone_button":3,"minecraft:green_wool":1,"minecraft:stone_slab":17,"minecraft:dark_oak_leaves":8,"minecraft:dark_oak_slab":59,"minecraft:stone_bricks":221,"minecraft:barrel":3,"minecraft:yellow_wool":12,"minecraft:item_frame":1,"minecraft:blue_carpet":5,"minecraft:tripwire_hook":5,"minecraft:brown_stained_glass_pane":2,"minecraft:repeater":49,"minecraft:redstone_lamp":18,"minecraft:potion":1,"minecraft:cherry_stairs":8,"minecraft:furnace":1,"minecraft:stripped_oak_wood":62,"minecraft:mangrove_slab":22,"minecraft:podzol":4,"minecraft:white_stained_glass":10,"minecraft:glass_pane":1,"minecraft:gold_block":2,"minecraft:waxed_cut_copper_stairs":13,"minecraft:gray_wool":127,"minecraft:observer":40,"minecraft:waxed_copper_bulb":9,"minecraft:bamboo_planks":25,"minecraft:birch_stairs":9}},"DataVersion":3953}