{"stats":{"minecraft:custom":{"minecraft:open_chest":1,"minecraft:time_since_rest":44644,"minecraft:crouch_one_cm":2727,"minecraft:sprint_one_cm":19412,"minecraft:play_time":44644,"minecraft:walk_one_cm":35792,"minecraft:sneak_time":3678,"minecraft:walk_under_water_one_cm":45372,"minecraft:jump":129,"minecraft:inspect_hopper":1,"minecraft:leave_game":1,"minecraft:time_since_death":44644,"minecraft:walk_on_water_one_cm":6656,"minecraft:total_world_time":44644,"minecraft:climb_one_cm":1171,"minecraft:swim_one_cm":3703,"minecraft:fly_one_cm":639129},"minecraft:used":{"minecraft:glass":3,"minecraft:dark_oak_stairs":29,"minecraft:chiseled_bookshelf":2,"minecraft:bookshelf":43,"minecraft:cherry_stairs":8,"minecraft:stripped_oak_wood":54,"minecraft:grass_block":34,"minecraft:jungle_planks":25,"minecraft:oak_planks":3,"minecraft:glass_pane":1,"minecraft:sponge":1,"minecraft:spruce_planks":15,"minecraft:stone":129,"minecraft:spruce_log":202,"minecraft:obsidian":1},"minecraft:picked_up":{"minecraft:book":4,"minecraft:tnt":14}},"DataVersion":3953}