{"stats":{"minecraft:custom":{"minecraft:time_since_rest":80644,"minecraft:sprint_one_cm":21181,"minecraft:walk_one_cm":45602,"minecraft:inspect_hopper":8,"minecraft:swim_one_cm":6777,"minecraft:fly_one_cm":1039741,"minecraft:open_chest":1,"minecraft:crouch_one_cm":5758,"minecraft:play_time":80644,"minecraft:open_shulker_box":4,"minecraft:sneak_time":9113,"minecraft:walk_under_water_one_cm":57254,"minecraft:jump":236,"minecraft:walk_on_water_one_cm":12855,"minecraft:leave_game":1,"minecraft:time_since_death":80644,"minecraft:climb_one_cm":1171,"minecraft:total_world_time":80644,"minecraft:inspect_dispenser":1},"minecraft:used":{"minecraft:redstone_torch":7,"minecraft:glass":5,"minecraft:chiseled_bookshelf":2,"minecraft:dark_oak_stairs":29,"minecraft:lever":5,"minecraft:bookshelf":43,"minecraft:iron_block":24,"minecraft:grass_block":34,"minecraft:barrier":19,"minecraft:redstone":23,"minecraft:oak_planks":3,"minecraft:spruce_planks":15,"minecraft:dark_oak_slab":1,"minecraft:stone":151,"minecraft:yellow_wool":1,"minecraft:repeater":9,"minecraft:cherry_stairs":8,"minecraft:tnt":74,"minecraft:stripped_oak_wood":54,"minecraft:jungle_planks":25,"minecraft:podzol":4,"minecraft:white_stained_glass":10,"minecraft:glass_pane":1,"minecraft:sponge":1,"minecraft:oak_wood":3,"minecraft:observer":27,"minecraft:spruce_log":202,"minecraft:obsidian":2},"minecraft:picked_up":{"minecraft:book":4,"minecraft:oak_log":1,"minecraft:redstone":4,"minecraft:tnt":14,"minecraft:lever":2,"minecraft:powered_rail":1}},"DataVersion":3953}