{"stats":{"minecraft:dropped":{"minecraft:barrier":65,"minecraft:structure_void":128,"minecraft:stone_button":1},"minecraft:used":{"minecraft:light_blue_carpet":3,"minecraft:oak_fence":70,"minecraft:dark_oak_stairs":90,"minecraft:chiseled_bookshelf":2,"minecraft:water_bucket":10,"minecraft:moss_carpet":26,"minecraft:dirt_path":6,"minecraft:ladder":2,"minecraft:oak_planks":24,"minecraft:dispenser":77,"minecraft:redstone":489,"minecraft:mangrove_planks":8,"minecraft:red_nether_bricks":1,"minecraft:oak_sign":1,"minecraft:spruce_planks":15,"minecraft:stone":159,"minecraft:mangrove_fence":13,"minecraft:structure_block":5,"minecraft:debug_stick":7,"minecraft:stripped_mangrove_wood":21,"minecraft:orange_carpet":15,"minecraft:lime_terracotta":39,"minecraft:mangrove_trapdoor":19,"minecraft:tnt":74,"minecraft:crafting_table":1,"minecraft:jungle_planks":25,"minecraft:cobblestone_wall":8,"minecraft:oak_wood":3,"minecraft:sponge":1,"minecraft:waxed_copper_grate":16,"minecraft:blue_concrete":2,"minecraft:spruce_log":202,"minecraft:waxed_copper_trapdoor":9,"minecraft:obsidian":13,"minecraft:redstone_torch":26,"minecraft:oak_log":127,"minecraft:sticky_piston":2,"minecraft:glass":204,"minecraft:dark_oak_planks":4,"minecraft:netherite_block":1107,"minecraft:lever":5,"minecraft:black_wool":10,"minecraft:black_concrete":79,"minecraft:bookshelf":78,"minecraft:wind_charge":4,"minecraft:iron_block":232,"minecraft:grass_block":155,"minecraft:oak_stairs":7,"minecraft:string":5,"minecraft:barrier":491,"minecraft:stone_button":3,"minecraft:stone_slab":17,"minecraft:dark_oak_leaves":8,"minecraft:dark_oak_slab":59,"minecraft:stone_bricks":203,"minecraft:barrel":3,"minecraft:yellow_wool":12,"minecraft:blue_carpet":5,"minecraft:tripwire_hook":5,"minecraft:repeater":49,"minecraft:redstone_lamp":18,"minecraft:potion":1,"minecraft:cherry_stairs":8,"minecraft:furnace":1,"minecraft:stripped_oak_wood":54,"minecraft:mangrove_slab":22,"minecraft:podzol":4,"minecraft:white_stained_glass":10,"minecraft:glass_pane":1,"minecraft:waxed_cut_copper_stairs":9,"minecraft:gray_wool":127,"minecraft:observer":40,"minecraft:waxed_copper_bulb":5,"minecraft:bamboo_planks":25},"minecraft:custom":{"minecraft:inspect_hopper":8,"minecraft:open_shulker_box":4,"minecraft:leave_game":7,"minecraft:time_since_death":23742,"minecraft:climb_one_cm":6191,"minecraft:time_since_rest":23775,"minecraft:sprint_one_cm":28913,"minecraft:walk_one_cm":144112,"minecraft:drop":5,"minecraft:swim_one_cm":17994,"minecraft:fly_one_cm":2659724,"minecraft:open_chest":1,"minecraft:crouch_one_cm":34882,"minecraft:play_time":308594,"minecraft:deaths":1,"minecraft:sneak_time":37803,"minecraft:walk_under_water_one_cm":89030,"minecraft:jump":856,"minecraft:walk_on_water_one_cm":48312,"minecraft:total_world_time":308594,"minecraft:inspect_dispenser":270},"minecraft:picked_up":{"minecraft:barrier":1,"minecraft:repeater":5,"minecraft:ladder":3,"minecraft:orange_carpet":1,"minecraft:oak_log":11,"minecraft:wind_charge":1,"minecraft:moss_carpet":19,"minecraft:stone_bricks":13,"minecraft:redstone_torch":10,"minecraft:powered_rail":1,"minecraft:oak_planks":2,"minecraft:book":13,"minecraft:dark_oak_slab":6,"minecraft:bamboo_planks":7,"minecraft:torch":1,"minecraft:stone_button":2,"minecraft:redstone":39,"minecraft:barrel":2,"minecraft:tnt":921,"minecraft:dispenser":8,"minecraft:deepslate_bricks":1,"minecraft:lever":2,"minecraft:light_blue_carpet":1,"minecraft:iron_block":12}},"DataVersion":3953}