{"stats":{"minecraft:custom":{"minecraft:open_chest":1,"minecraft:time_since_rest":20644,"minecraft:crouch_one_cm":1364,"minecraft:sprint_one_cm":12927,"minecraft:play_time":20644,"minecraft:walk_one_cm":16700,"minecraft:sneak_time":2237,"minecraft:walk_under_water_one_cm":39437,"minecraft:jump":74,"minecraft:leave_game":1,"minecraft:time_since_death":20644,"minecraft:walk_on_water_one_cm":4477,"minecraft:total_world_time":20644,"minecraft:climb_one_cm":1171,"minecraft:swim_one_cm":3050,"minecraft:fly_one_cm":410391},"minecraft:used":{"minecraft:glass":3,"minecraft:bookshelf":43,"minecraft:stripped_oak_wood":15,"minecraft:grass_block":3,"minecraft:oak_planks":1,"minecraft:glass_pane":1,"minecraft:sponge":1,"minecraft:spruce_planks":1,"minecraft:obsidian":1},"minecraft:picked_up":{"minecraft:book":4,"minecraft:tnt":14}},"DataVersion":3953}