{"stats":{"minecraft:custom":{"minecraft:time_since_rest":92644,"minecraft:sprint_one_cm":21587,"minecraft:walk_one_cm":48661,"minecraft:inspect_hopper":8,"minecraft:swim_one_cm":6777,"minecraft:fly_one_cm":1056807,"minecraft:open_chest":1,"minecraft:crouch_one_cm":8544,"minecraft:play_time":92644,"minecraft:open_shulker_box":4,"minecraft:sneak_time":11393,"minecraft:walk_under_water_one_cm":59786,"minecraft:jump":304,"minecraft:walk_on_water_one_cm":15118,"minecraft:leave_game":1,"minecraft:time_since_death":92644,"minecraft:climb_one_cm":1171,"minecraft:total_world_time":92644,"minecraft:inspect_dispenser":31},"minecraft:used":{"minecraft:redstone_torch":7,"minecraft:glass":5,"minecraft:chiseled_bookshelf":2,"minecraft:dark_oak_stairs":29,"minecraft:lever":5,"minecraft:bookshelf":43,"minecraft:iron_block":24,"minecraft:grass_block":34,"minecraft:barrier":97,"minecraft:redstone":23,"minecraft:oak_planks":3,"minecraft:spruce_planks":15,"minecraft:dark_oak_slab":1,"minecraft:stone":151,"minecraft:yellow_wool":1,"minecraft:repeater":9,"minecraft:cherry_stairs":8,"minecraft:tnt":74,"minecraft:stripped_oak_wood":54,"minecraft:jungle_planks":25,"minecraft:podzol":4,"minecraft:white_stained_glass":10,"minecraft:glass_pane":1,"minecraft:sponge":1,"minecraft:oak_wood":3,"minecraft:observer":27,"minecraft:spruce_log":202,"minecraft:obsidian":2},"minecraft:picked_up":{"minecraft:book":4,"minecraft:oak_log":1,"minecraft:redstone":4,"minecraft:tnt":14,"minecraft:lever":2,"minecraft:powered_rail":1}},"DataVersion":3953}