{"stats":{"minecraft:dropped":{"minecraft:barrier":65,"minecraft:structure_void":128,"minecraft:item_frame":1,"minecraft:stone_button":1,"minecraft:jack_o_lantern":1,"minecraft:spruce_sapling":4},"minecraft:custom":{"minecraft:inspect_hopper":8,"minecraft:open_shulker_box":4,"minecraft:leave_game":16,"minecraft:time_since_death":21984,"minecraft:climb_one_cm":8137,"minecraft:time_since_rest":22706,"minecraft:sprint_one_cm":92350,"minecraft:walk_one_cm":302251,"minecraft:drop":8,"minecraft:damage_dealt":10,"minecraft:swim_one_cm":36236,"minecraft:fly_one_cm":5280961,"minecraft:open_chest":1,"minecraft:crouch_one_cm":45965,"minecraft:play_time":536980,"minecraft:deaths":18,"minecraft:sneak_time":51243,"minecraft:walk_under_water_one_cm":126839,"minecraft:jump":1428,"minecraft:walk_on_water_one_cm":59296,"minecraft:total_world_time":536980,"minecraft:inspect_dispenser":270},"minecraft:picked_up":{"minecraft:barrier":1,"minecraft:repeater":6,"minecraft:ladder":3,"minecraft:orange_carpet":1,"minecraft:oak_log":11,"minecraft:wind_charge":1,"minecraft:moss_carpet":26,"minecraft:item_frame":1,"minecraft:stone_bricks":13,"minecraft:detector_rail":1,"minecraft:redstone_torch":10,"minecraft:rabbit":1,"minecraft:powered_rail":2,"minecraft:mangrove_planks":1,"minecraft:oak_planks":2,"minecraft:book":13,"minecraft:dark_oak_slab":6,"minecraft:bamboo_planks":7,"minecraft:torch":1,"minecraft:stone_button":2,"minecraft:spruce_sapling":8,"minecraft:redstone":39,"minecraft:barrel":3,"minecraft:brown_carpet":6,"minecraft:tnt":921,"minecraft:dispenser":8,"minecraft:lever":2,"minecraft:deepslate_bricks":1,"minecraft:light_blue_carpet":1,"minecraft:iron_block":12,"minecraft:jack_o_lantern":1,"minecraft:rail":2},"minecraft:used":{"minecraft:light_blue_carpet":3,"minecraft:oak_fence":105,"minecraft:moss_carpet":38,"minecraft:dark_oak_stairs":417,"minecraft:chiseled_bookshelf":2,"minecraft:water_bucket":12,"minecraft:jack_o_lantern":28,"minecraft:dirt_path":6,"minecraft:polished_deepslate":56,"minecraft:dispenser":77,"minecraft:red_nether_bricks":2,"minecraft:ladder":3,"minecraft:spruce_slab":6,"minecraft:polished_andesite":11,"minecraft:redstone":492,"minecraft:mangrove_planks":14,"minecraft:oak_planks":73,"minecraft:oak_sign":1,"minecraft:spruce_planks":215,"minecraft:brown_concrete":1,"minecraft:stone":257,"minecraft:mangrove_fence":15,"minecraft:structure_block":5,"minecraft:green_terracotta":1,"minecraft:debug_stick":16,"minecraft:spruce_leaves":139,"minecraft:stripped_mangrove_wood":27,"minecraft:soul_sand":1,"minecraft:orange_carpet":28,"minecraft:lime_terracotta":39,"minecraft:red_nether_brick_slab":1,"minecraft:mangrove_trapdoor":19,"minecraft:tnt":108,"minecraft:crafting_table":1,"minecraft:jungle_planks":25,"minecraft:spruce_stairs":14,"minecraft:cobblestone_wall":8,"minecraft:yellow_carpet":20,"minecraft:stone_stairs":4,"minecraft:oak_wood":3,"minecraft:sponge":1,"minecraft:waxed_copper_grate":28,"minecraft:painting":9,"minecraft:granite":1,"minecraft:spruce_fence":52,"minecraft:blue_concrete":2,"minecraft:spruce_log":946,"minecraft:waxed_copper_trapdoor":14,"minecraft:obsidian":13,"minecraft:polished_deepslate_stairs":11,"minecraft:redstone_torch":26,"minecraft:oak_log":127,"minecraft:black_wool":10,"minecraft:sticky_piston":2,"minecraft:glass":268,"minecraft:dark_oak_planks":7,"minecraft:netherite_block":1119,"minecraft:lever":5,"minecraft:green_concrete":2,"minecraft:sea_lantern":18,"minecraft:black_concrete":86,"minecraft:bookshelf":102,"minecraft:lantern":11,"minecraft:light_gray_concrete":4,"minecraft:wind_charge":4,"minecraft:iron_block":234,"minecraft:grass_block":416,"minecraft:oak_stairs":218,"minecraft:barrier":515,"minecraft:string":5,"minecraft:stone_button":6,"minecraft:green_wool":1,"minecraft:jungle_stairs":28,"minecraft:stone_slab":17,"minecraft:dark_oak_leaves":8,"minecraft:dark_oak_slab":59,"minecraft:stone_bricks":494,"minecraft:stone_brick_stairs":47,"minecraft:barrel":3,"minecraft:yellow_wool":12,"minecraft:item_frame":1,"minecraft:blue_carpet":5,"minecraft:tripwire_hook":6,"minecraft:brown_stained_glass_pane":2,"minecraft:repeater":50,"minecraft:red_carpet":28,"minecraft:redstone_lamp":18,"minecraft:potion":1,"minecraft:cherry_stairs":8,"minecraft:furnace":1,"minecraft:stripped_oak_wood":81,"minecraft:mangrove_slab":23,"minecraft:podzol":4,"minecraft:white_stained_glass":12,"minecraft:glass_pane":1,"minecraft:gold_block":6,"minecraft:waxed_cut_copper_stairs":13,"minecraft:acacia_planks":2,"minecraft:gray_wool":127,"minecraft:observer":40,"minecraft:waxed_copper_bulb":9,"minecraft:smooth_stone":36,"minecraft:bamboo_planks":25,"minecraft:birch_stairs":17}},"DataVersion":3953}