{"stats":{"minecraft:custom":{"minecraft:open_chest":1,"minecraft:time_since_rest":56644,"minecraft:crouch_one_cm":2984,"minecraft:sprint_one_cm":20463,"minecraft:play_time":56644,"minecraft:walk_one_cm":37022,"minecraft:sneak_time":5645,"minecraft:walk_under_water_one_cm":46895,"minecraft:jump":150,"minecraft:inspect_hopper":1,"minecraft:leave_game":1,"minecraft:time_since_death":56644,"minecraft:walk_on_water_one_cm":10141,"minecraft:total_world_time":56644,"minecraft:climb_one_cm":1171,"minecraft:swim_one_cm":4704,"minecraft:fly_one_cm":733787},"minecraft:used":{"minecraft:lever":4,"minecraft:glass":4,"minecraft:dark_oak_stairs":29,"minecraft:chiseled_bookshelf":2,"minecraft:repeater":9,"minecraft:bookshelf":43,"minecraft:cherry_stairs":8,"minecraft:tnt":12,"minecraft:iron_block":22,"minecraft:redstone":23,"minecraft:stripped_oak_wood":54,"minecraft:grass_block":34,"minecraft:jungle_planks":25,"minecraft:podzol":4,"minecraft:oak_planks":3,"minecraft:oak_wood":1,"minecraft:glass_pane":1,"minecraft:sponge":1,"minecraft:spruce_planks":15,"minecraft:stone":151,"minecraft:observer":27,"minecraft:spruce_log":202,"minecraft:obsidian":1,"minecraft:redstone_torch":7},"minecraft:picked_up":{"minecraft:book":4,"minecraft:tnt":14,"minecraft:lever":2,"minecraft:redstone":4}},"DataVersion":3953}