{"stats":{"minecraft:dropped":{"minecraft:stone_button":1,"minecraft:barrier":64,"minecraft:structure_void":128},"minecraft:used":{"minecraft:light_blue_carpet":3,"minecraft:oak_log":127,"minecraft:netherite_block":932,"minecraft:dark_oak_planks":4,"minecraft:glass":53,"minecraft:water_bucket":10,"minecraft:chiseled_bookshelf":2,"minecraft:lever":5,"minecraft:dirt_path":6,"minecraft:bookshelf":78,"minecraft:redstone":357,"minecraft:iron_block":232,"minecraft:grass_block":155,"minecraft:oak_stairs":7,"minecraft:dispenser":77,"minecraft:barrier":119,"minecraft:ladder":2,"minecraft:oak_planks":24,"minecraft:stone_button":3,"minecraft:spruce_planks":15,"minecraft:stone_slab":17,"minecraft:dark_oak_leaves":8,"minecraft:stone":159,"minecraft:dark_oak_slab":59,"minecraft:yellow_wool":1,"minecraft:barrel":3,"minecraft:stone_bricks":203,"minecraft:blue_carpet":5,"minecraft:orange_carpet":15,"minecraft:repeater":49,"minecraft:redstone_lamp":18,"minecraft:cherry_stairs":8,"minecraft:crafting_table":1,"minecraft:tnt":74,"minecraft:furnace":1,"minecraft:stripped_oak_wood":54,"minecraft:jungle_planks":25,"minecraft:podzol":4,"minecraft:white_stained_glass":10,"minecraft:oak_wood":3,"minecraft:glass_pane":1,"minecraft:sponge":1,"minecraft:observer":40,"minecraft:spruce_log":202,"minecraft:bamboo_planks":25,"minecraft:dark_oak_stairs":90,"minecraft:oak_fence":65,"minecraft:obsidian":2,"minecraft:sticky_piston":2,"minecraft:redstone_torch":26},"minecraft:custom":{"minecraft:time_since_rest":232138,"minecraft:sprint_one_cm":26637,"minecraft:walk_one_cm":117723,"minecraft:drop":4,"minecraft:inspect_hopper":8,"minecraft:swim_one_cm":16928,"minecraft:fly_one_cm":1803788,"minecraft:open_chest":1,"minecraft:crouch_one_cm":25177,"minecraft:open_shulker_box":4,"minecraft:play_time":232138,"minecraft:sneak_time":26748,"minecraft:walk_under_water_one_cm":80177,"minecraft:jump":655,"minecraft:leave_game":6,"minecraft:walk_on_water_one_cm":32866,"minecraft:time_since_death":232138,"minecraft:climb_one_cm":5872,"minecraft:total_world_time":232138,"minecraft:inspect_dispenser":237},"minecraft:picked_up":{"minecraft:book":13,"minecraft:dark_oak_slab":6,"minecraft:ladder":3,"minecraft:repeater":5,"minecraft:bamboo_planks":7,"minecraft:orange_carpet":1,"minecraft:torch":1,"minecraft:oak_log":11,"minecraft:stone_button":2,"minecraft:redstone":27,"minecraft:barrel":2,"minecraft:tnt":921,"minecraft:dispenser":8,"minecraft:stone_bricks":13,"minecraft:lever":2,"minecraft:deepslate_bricks":1,"minecraft:light_blue_carpet":1,"minecraft:iron_block":12,"minecraft:redstone_torch":10,"minecraft:powered_rail":1,"minecraft:oak_planks":2}},"DataVersion":3953}