{"stats":{"minecraft:custom":{"minecraft:open_chest":1,"minecraft:time_since_rest":32644,"minecraft:crouch_one_cm":2312,"minecraft:sprint_one_cm":17136,"minecraft:play_time":32644,"minecraft:walk_one_cm":32807,"minecraft:sneak_time":3256,"minecraft:walk_under_water_one_cm":44082,"minecraft:jump":102,"minecraft:inspect_hopper":1,"minecraft:leave_game":1,"minecraft:time_since_death":32644,"minecraft:walk_on_water_one_cm":4627,"minecraft:total_world_time":32644,"minecraft:climb_one_cm":1171,"minecraft:swim_one_cm":3703,"minecraft:fly_one_cm":526136},"minecraft:used":{"minecraft:glass":3,"minecraft:chiseled_bookshelf":2,"minecraft:bookshelf":43,"minecraft:stripped_oak_wood":54,"minecraft:grass_block":34,"minecraft:jungle_planks":25,"minecraft:oak_planks":3,"minecraft:glass_pane":1,"minecraft:sponge":1,"minecraft:spruce_planks":15,"minecraft:stone":102,"minecraft:spruce_log":131,"minecraft:obsidian":1},"minecraft:picked_up":{"minecraft:book":4,"minecraft:tnt":14}},"DataVersion":3953}