{"stats":{"minecraft:picked_up":{"minecraft:ladder":3,"minecraft:wind_charge":1,"minecraft:polished_deepslate":1,"minecraft:moss_carpet":96,"minecraft:wooden_sword":1,"minecraft:item_frame":1,"minecraft:detector_rail":1,"minecraft:redstone_torch":13,"minecraft:torch":1,"minecraft:stone_button":2,"minecraft:trident":9,"minecraft:redstone":260,"minecraft:blue_carpet":1,"minecraft:brown_carpet":6,"minecraft:tnt":26680,"minecraft:lime_carpet":42,"minecraft:deepslate_bricks":1,"minecraft:iron_block":12,"minecraft:rail":2,"minecraft:barrier":1,"minecraft:repeater":35,"minecraft:orange_carpet":2,"minecraft:oak_log":11,"minecraft:deepslate_tile_slab":1,"minecraft:lantern":3,"minecraft:stone_bricks":13,"minecraft:rabbit":1,"minecraft:powered_rail":2,"minecraft:moss_block":1,"minecraft:mangrove_planks":1,"minecraft:oak_planks":2,"minecraft:dark_oak_stairs":1,"minecraft:book":13,"minecraft:dark_oak_slab":6,"minecraft:bamboo_planks":7,"minecraft:spruce_sapling":8,"minecraft:grass_block":1,"minecraft:green_carpet":1,"minecraft:barrel":3,"minecraft:dispenser":67,"minecraft:waxed_weathered_copper_trapdoor":1,"minecraft:soul_lantern":1,"minecraft:lever":2,"minecraft:polished_blackstone_button":1,"minecraft:light_blue_carpet":1,"minecraft:jack_o_lantern":1},"minecraft:dropped":{"minecraft:moss_block":1,"minecraft:dark_oak_stairs":1,"minecraft:barrier":65,"minecraft:grass_block":1,"minecraft:structure_void":128,"minecraft:item_frame":1,"minecraft:stone_button":1,"minecraft:jack_o_lantern":1,"minecraft:wooden_sword":1,"minecraft:white_wool":1,"minecraft:spruce_sapling":4,"minecraft:polished_deepslate":1},"minecraft:custom":{"minecraft:interact_with_anvil":4,"minecraft:inspect_hopper":8,"minecraft:open_shulker_box":4,"minecraft:leave_game":35,"minecraft:time_since_death":249658,"minecraft:climb_one_cm":15562,"minecraft:sprint_one_cm":122276,"minecraft:walk_one_cm":404730,"minecraft:drop":14,"minecraft:play_time":860499,"minecraft:deaths":19,"minecraft:sneak_time":76158,"minecraft:walk_under_water_one_cm":145332,"minecraft:jump":1916,"minecraft:walk_on_water_one_cm":73536,"minecraft:total_world_time":860499,"minecraft:tune_noteblock":7,"minecraft:time_since_rest":249771,"minecraft:damage_dealt":541,"minecraft:swim_one_cm":45951,"minecraft:fly_one_cm":7976804,"minecraft:open_chest":5,"minecraft:crouch_one_cm":72099,"minecraft:inspect_dispenser":451},"minecraft:used":{"minecraft:oak_fence":105,"minecraft:moss_block":105,"minecraft:trident":47,"minecraft:moss_carpet":38,"minecraft:jack_o_lantern":28,"minecraft:red_sand":11,"minecraft:iron_bars":2,"minecraft:polished_deepslate":425,"minecraft:spruce_slab":86,"minecraft:dispenser":329,"minecraft:redstone":842,"minecraft:ladder":4,"minecraft:oak_sign":1,"minecraft:spruce_planks":215,"minecraft:white_terracotta":21,"minecraft:brown_concrete":1,"minecraft:stone":277,"minecraft:mangrove_fence":15,"minecraft:structure_block":31,"minecraft:green_terracotta":4,"minecraft:orange_bed":2,"minecraft:debug_stick":43,"minecraft:spruce_leaves":139,"minecraft:soul_sand":1,"minecraft:dirt":2,"minecraft:anvil":5,"minecraft:red_nether_brick_slab":1,"minecraft:jungle_planks":25,"minecraft:spruce_stairs":14,"minecraft:cobblestone_wall":8,"minecraft:stone_stairs":4,"minecraft:deepslate_tile_slab":1,"minecraft:cracked_deepslate_tiles":208,"minecraft:oak_wood":3,"minecraft:yellow_carpet":20,"minecraft:waxed_copper_grate":28,"minecraft:spruce_fence":52,"minecraft:granite":8,"minecraft:blue_concrete":2,"minecraft:mud_brick_stairs":1,"minecraft:waxed_copper_trapdoor":14,"minecraft:obsidian":25,"minecraft:polished_deepslate_stairs":47,"minecraft:glass":279,"minecraft:dark_oak_planks":61,"minecraft:sea_lantern":18,"minecraft:bricks":58,"minecraft:bookshelf":102,"minecraft:iron_block":234,"minecraft:lantern":11,"minecraft:grass_block":576,"minecraft:oak_stairs":218,"minecraft:brick_stairs":1,"minecraft:green_wool":1,"minecraft:jungle_log":23,"minecraft:dark_oak_leaves":8,"minecraft:dark_oak_slab":59,"minecraft:mud_bricks":1,"minecraft:stone_brick_stairs":47,"minecraft:barrel":6,"minecraft:stone_bricks":562,"minecraft:item_frame":1,"minecraft:tripwire_hook":6,"minecraft:red_carpet":28,"minecraft:repeater":242,"minecraft:redstone_lamp":141,"minecraft:furnace":1,"minecraft:deepslate_tile_stairs":3,"minecraft:mangrove_slab":23,"minecraft:podzol":4,"minecraft:gold_block":14,"minecraft:acacia_planks":2,"minecraft:observer":40,"minecraft:bamboo_planks":25,"minecraft:light_blue_carpet":7,"minecraft:dark_oak_stairs":731,"minecraft:water_bucket":14,"minecraft:chiseled_bookshelf":2,"minecraft:dirt_path":6,"minecraft:oak_planks":200,"minecraft:polished_andesite":11,"minecraft:mangrove_planks":14,"minecraft:lime_wool":11,"minecraft:red_nether_bricks":2,"minecraft:cactus":8,"minecraft:jungle_wood":1,"minecraft:stripped_mangrove_wood":27,"minecraft:lime_terracotta":86,"minecraft:orange_carpet":28,"minecraft:sand":6,"minecraft:mangrove_trapdoor":19,"minecraft:tnt":108,"minecraft:crafting_table":1,"minecraft:campfire":17,"minecraft:sponge":1,"minecraft:note_block":12,"minecraft:painting":9,"minecraft:spruce_log":961,"minecraft:lightning_rod":5,"minecraft:redstone_torch":73,"minecraft:oak_log":145,"minecraft:sticky_piston":2,"minecraft:netherite_block":1506,"minecraft:lever":5,"minecraft:green_concrete":2,"minecraft:black_wool":10,"minecraft:black_concrete":94,"minecraft:wind_charge":4,"minecraft:light_gray_concrete":4,"minecraft:cracked_polished_blackstone_bricks":2,"minecraft:string":5,"minecraft:barrier":1062,"minecraft:oak_button":1,"minecraft:stone_button":8,"minecraft:jungle_stairs":28,"minecraft:stone_slab":17,"minecraft:yellow_wool":12,"minecraft:crimson_sign":10,"minecraft:chiseled_tuff_bricks":20,"minecraft:blue_carpet":17,"minecraft:brown_stained_glass_pane":2,"minecraft:wooden_sword":24,"minecraft:cobblestone":1,"minecraft:potion":1,"minecraft:cherry_stairs":8,"minecraft:stripped_oak_wood":81,"minecraft:white_stained_glass":12,"minecraft:andesite":10,"minecraft:glass_pane":1,"minecraft:waxed_cut_copper_stairs":13,"minecraft:stripped_oak_log":57,"minecraft:gray_wool":127,"minecraft:smooth_stone":36,"minecraft:waxed_copper_bulb":9,"minecraft:birch_stairs":17}},"DataVersion":3953}