{"stats":{"minecraft:custom":{"minecraft:jump":35,"minecraft:time_since_rest":8644,"minecraft:crouch_one_cm":625,"minecraft:play_time":8644,"minecraft:leave_game":1,"minecraft:sprint_one_cm":5229,"minecraft:walk_on_water_one_cm":3062,"minecraft:time_since_death":8644,"minecraft:walk_one_cm":9163,"minecraft:sneak_time":1096,"minecraft:total_world_time":8644,"minecraft:walk_under_water_one_cm":22039,"minecraft:swim_one_cm":1873,"minecraft:fly_one_cm":178755},"minecraft:used":{"minecraft:sponge":1,"minecraft:obsidian":1,"minecraft:stripped_oak_wood":4}},"DataVersion":3953}