{"stats":{"minecraft:custom":{"minecraft:time_since_rest":128644,"minecraft:sprint_one_cm":23403,"minecraft:walk_one_cm":58507,"minecraft:drop":3,"minecraft:inspect_hopper":8,"minecraft:swim_one_cm":9060,"minecraft:fly_one_cm":1188238,"minecraft:open_chest":1,"minecraft:crouch_one_cm":13020,"minecraft:play_time":128644,"minecraft:open_shulker_box":4,"minecraft:sneak_time":16752,"minecraft:walk_under_water_one_cm":67539,"minecraft:jump":395,"minecraft:walk_on_water_one_cm":24200,"minecraft:leave_game":1,"minecraft:time_since_death":128644,"minecraft:climb_one_cm":1171,"minecraft:total_world_time":128644,"minecraft:inspect_dispenser":34},"minecraft:used":{"minecraft:redstone_torch":20,"minecraft:oak_fence":6,"minecraft:sticky_piston":2,"minecraft:water_bucket":1,"minecraft:glass":5,"minecraft:netherite_block":363,"minecraft:chiseled_bookshelf":2,"minecraft:dark_oak_stairs":29,"minecraft:lever":5,"minecraft:bookshelf":43,"minecraft:dispenser":29,"minecraft:iron_block":232,"minecraft:grass_block":34,"minecraft:barrier":117,"minecraft:redstone":198,"minecraft:oak_planks":3,"minecraft:stone_button":2,"minecraft:spruce_planks":15,"minecraft:dark_oak_slab":1,"minecraft:stone":151,"minecraft:yellow_wool":1,"minecraft:repeater":20,"minecraft:cherry_stairs":8,"minecraft:tnt":74,"minecraft:stripped_oak_wood":54,"minecraft:jungle_planks":25,"minecraft:podzol":4,"minecraft:white_stained_glass":10,"minecraft:glass_pane":1,"minecraft:sponge":1,"minecraft:oak_wood":3,"minecraft:observer":40,"minecraft:spruce_log":202,"minecraft:obsidian":2},"minecraft:dropped":{"minecraft:stone_button":1,"minecraft:barrier":64,"minecraft:structure_void":64},"minecraft:picked_up":{"minecraft:book":4,"minecraft:repeater":2,"minecraft:oak_log":1,"minecraft:stone_button":1,"minecraft:redstone":19,"minecraft:tnt":14,"minecraft:lever":2,"minecraft:iron_block":12,"minecraft:redstone_torch":4,"minecraft:powered_rail":1}},"DataVersion":3953}