{"stats":{"minecraft:custom":{"minecraft:time_since_rest":68644,"minecraft:sprint_one_cm":20981,"minecraft:walk_one_cm":42583,"minecraft:inspect_hopper":8,"minecraft:swim_one_cm":4704,"minecraft:fly_one_cm":825386,"minecraft:open_chest":1,"minecraft:crouch_one_cm":4473,"minecraft:play_time":68644,"minecraft:open_shulker_box":1,"minecraft:sneak_time":7387,"minecraft:walk_under_water_one_cm":48419,"minecraft:jump":193,"minecraft:walk_on_water_one_cm":11113,"minecraft:leave_game":1,"minecraft:time_since_death":68644,"minecraft:climb_one_cm":1171,"minecraft:total_world_time":68644,"minecraft:inspect_dispenser":1},"minecraft:used":{"minecraft:redstone_torch":7,"minecraft:glass":5,"minecraft:chiseled_bookshelf":2,"minecraft:dark_oak_stairs":29,"minecraft:lever":5,"minecraft:bookshelf":43,"minecraft:iron_block":22,"minecraft:grass_block":34,"minecraft:redstone":23,"minecraft:oak_planks":3,"minecraft:spruce_planks":15,"minecraft:stone":151,"minecraft:yellow_wool":1,"minecraft:repeater":9,"minecraft:cherry_stairs":8,"minecraft:tnt":52,"minecraft:stripped_oak_wood":54,"minecraft:jungle_planks":25,"minecraft:podzol":4,"minecraft:white_stained_glass":8,"minecraft:glass_pane":1,"minecraft:sponge":1,"minecraft:oak_wood":3,"minecraft:observer":27,"minecraft:spruce_log":202,"minecraft:obsidian":1},"minecraft:picked_up":{"minecraft:book":4,"minecraft:redstone":4,"minecraft:tnt":14,"minecraft:lever":2,"minecraft:powered_rail":1}},"DataVersion":3953}