{"stats":{"minecraft:custom":{"minecraft:time_since_rest":92665,"minecraft:sprint_one_cm":24285,"minecraft:damage_taken":860,"minecraft:walk_one_cm":40196,"minecraft:interact_with_anvil":3,"minecraft:drop":1,"minecraft:inspect_hopper":1,"minecraft:swim_one_cm":5146,"minecraft:talked_to_villager":1,"minecraft:fly_one_cm":532328,"minecraft:open_barrel":1,"minecraft:open_chest":2,"minecraft:crouch_one_cm":4093,"minecraft:open_shulker_box":1,"minecraft:play_time":94754,"minecraft:deaths":1,"minecraft:sneak_time":5711,"minecraft:walk_under_water_one_cm":34302,"minecraft:jump":258,"minecraft:walk_on_water_one_cm":30242,"minecraft:time_since_death":92639,"minecraft:climb_one_cm":699,"minecraft:total_world_time":94754,"minecraft:fall_one_cm":11631,"minecraft:inspect_dispenser":1},"minecraft:used":{"minecraft:black_terracotta":2,"minecraft:moss_block":7,"minecraft:glass":113,"minecraft:sea_lantern":39,"minecraft:water_bucket":32,"minecraft:lever":4,"minecraft:end_rod":3,"minecraft:black_concrete":89,"minecraft:iron_bars":2,"minecraft:bamboo_fence":2,"minecraft:light_gray_stained_glass_pane":9,"minecraft:iron_block":1449,"minecraft:barrier":10,"minecraft:redstone":298,"minecraft:zombie_spawn_egg":5,"minecraft:spruce_trapdoor":3,"minecraft:torch":3,"minecraft:repeater":21,"minecraft:anvil":1,"minecraft:comparator":1,"minecraft:white_carpet":3,"minecraft:tnt":942,"minecraft:dark_oak_fence":1,"minecraft:chain":2,"minecraft:spruce_fence":2,"minecraft:observer":9,"minecraft:smooth_stone":53},"minecraft:dropped":{"minecraft:moss_block":1},"minecraft:picked_up":{"minecraft:repeater":6,"minecraft:redstone":13,"minecraft:white_carpet":1,"minecraft:redstone_torch":2,"minecraft:moss_block":1}},"DataVersion":3953}