{"stats":{"minecraft:custom":{"minecraft:time_since_rest":140665,"minecraft:sprint_one_cm":24834,"minecraft:damage_taken":860,"minecraft:walk_one_cm":55854,"minecraft:interact_with_anvil":3,"minecraft:drop":1,"minecraft:inspect_hopper":1,"minecraft:swim_one_cm":5603,"minecraft:talked_to_villager":1,"minecraft:fly_one_cm":690614,"minecraft:open_barrel":1,"minecraft:open_chest":2,"minecraft:crouch_one_cm":6858,"minecraft:open_shulker_box":1,"minecraft:play_time":142754,"minecraft:deaths":1,"minecraft:sneak_time":9284,"minecraft:walk_under_water_one_cm":58301,"minecraft:jump":312,"minecraft:walk_on_water_one_cm":62823,"minecraft:time_since_death":140639,"minecraft:climb_one_cm":699,"minecraft:total_world_time":142754,"minecraft:fall_one_cm":11631,"minecraft:inspect_dispenser":1},"minecraft:used":{"minecraft:netherite_block":45,"minecraft:black_terracotta":2,"minecraft:moss_block":7,"minecraft:glass":113,"minecraft:sea_lantern":61,"minecraft:water_bucket":62,"minecraft:lever":8,"minecraft:end_rod":3,"minecraft:black_concrete":363,"minecraft:iron_bars":13,"minecraft:bamboo_fence":2,"minecraft:light_gray_stained_glass_pane":9,"minecraft:heavy_weighted_pressure_plate":163,"minecraft:iron_block":2050,"minecraft:barrier":105,"minecraft:redstone":363,"minecraft:light_gray_carpet":161,"minecraft:zombie_spawn_egg":5,"minecraft:spruce_trapdoor":3,"minecraft:structure_void":28,"minecraft:torch":16,"minecraft:repeater":23,"minecraft:anvil":1,"minecraft:comparator":1,"minecraft:white_carpet":165,"minecraft:iron_trapdoor":560,"minecraft:tnt":1119,"minecraft:dark_oak_fence":1,"minecraft:chain":2,"minecraft:cherry_fence":1,"minecraft:spruce_fence":2,"minecraft:observer":9,"minecraft:smooth_stone":53},"minecraft:dropped":{"minecraft:moss_block":1},"minecraft:picked_up":{"minecraft:barrier":64,"minecraft:repeater":6,"minecraft:torch":1,"minecraft:structure_void":64,"minecraft:redstone":17,"minecraft:prismarine_crystals":11,"minecraft:white_carpet":1,"minecraft:tropical_fish":1,"minecraft:iron_block":108,"minecraft:redstone_torch":2,"minecraft:observer":2,"minecraft:moss_block":1}},"DataVersion":3953}