{"stats":{"minecraft:killed":{"minecraft:salmon":6},"minecraft:dropped":{"minecraft:pink_concrete":3,"minecraft:moss_block":1,"minecraft:lantern":1,"minecraft:wind_charge":33,"minecraft:deepslate_bricks":1,"minecraft:iron_bars":1},"minecraft:custom":{"minecraft:mob_kills":6,"minecraft:interact_with_anvil":3,"minecraft:inspect_hopper":1,"minecraft:open_barrel":1,"minecraft:open_shulker_box":1,"minecraft:pot_flower":2,"minecraft:leave_game":5,"minecraft:time_since_death":151357,"minecraft:climb_one_cm":1850,"minecraft:time_since_rest":151391,"minecraft:sprint_one_cm":107673,"minecraft:damage_taken":860,"minecraft:walk_one_cm":261395,"minecraft:drop":9,"minecraft:damage_dealt":2926,"minecraft:swim_one_cm":9343,"minecraft:talked_to_villager":3,"minecraft:fly_one_cm":4021553,"minecraft:open_chest":5,"minecraft:crouch_one_cm":86740,"minecraft:play_time":461578,"minecraft:deaths":3,"minecraft:sneak_time":40516,"minecraft:walk_under_water_one_cm":214480,"minecraft:jump":799,"minecraft:walk_on_water_one_cm":88496,"minecraft:total_world_time":461578,"minecraft:fall_one_cm":11631,"minecraft:inspect_dispenser":27},"minecraft:picked_up":{"minecraft:barrier":65,"minecraft:orange_carpet":2,"minecraft:structure_block":1,"minecraft:repeater":8,"minecraft:iron_door":1,"minecraft:tripwire_hook":8,"minecraft:lantern":8,"minecraft:moss_carpet":3,"minecraft:name_tag":1,"minecraft:white_carpet":1,"minecraft:light_blue_banner":3,"minecraft:wheat_seeds":1,"minecraft:redstone_torch":2,"minecraft:observer":2,"minecraft:deepslate_tile_wall":1,"minecraft:moss_block":1,"minecraft:pink_concrete":4,"minecraft:torch":6,"minecraft:dandelion":1,"minecraft:structure_void":128,"minecraft:stone_button":1,"minecraft:redstone":21,"minecraft:prismarine_crystals":11,"minecraft:tnt":59,"minecraft:firework_rocket":6671,"minecraft:tropical_fish":1,"minecraft:lever":1,"minecraft:deepslate_bricks":1,"minecraft:iron_block":108,"minecraft:bread":3,"minecraft:glow_berries":2,"minecraft:rail":5},"minecraft:used":{"minecraft:light_blue_banner":67,"minecraft:moss_block":25,"minecraft:oak_fence":17,"minecraft:chiseled_polished_blackstone":359,"minecraft:tuff_bricks":101,"minecraft:water_bucket":67,"minecraft:moss_carpet":56,"minecraft:end_rod":3,"minecraft:iron_bars":37,"minecraft:polished_deepslate":362,"minecraft:flint_and_steel":5,"minecraft:spruce_door":1,"minecraft:orange_concrete":9,"minecraft:light_gray_stained_glass_pane":9,"minecraft:cut_red_sandstone_slab":2,"minecraft:smooth_quartz_slab":82,"minecraft:red_concrete":13,"minecraft:polished_blackstone":5,"minecraft:dispenser":34,"minecraft:red_sandstone_slab":119,"minecraft:redstone":392,"minecraft:powered_rail":6,"minecraft:ladder":18,"minecraft:oak_sign":31,"minecraft:light_gray_carpet":161,"minecraft:black_carpet":11,"minecraft:stone":2,"minecraft:zombie_spawn_egg":5,"minecraft:structure_void":32,"minecraft:quartz_stairs":1,"minecraft:deepslate_bricks":13,"minecraft:green_terracotta":233,"minecraft:torch":17,"minecraft:light_blue_concrete":10,"minecraft:anvil":1,"minecraft:lime_terracotta":323,"minecraft:vine":44,"minecraft:comparator":1,"minecraft:white_carpet":165,"minecraft:oak_slab":1,"minecraft:tnt":2604,"minecraft:light_blue_wool":16,"minecraft:phantom_spawn_egg":2,"minecraft:smooth_red_sandstone":318,"minecraft:cracked_deepslate_tiles":386,"minecraft:deepslate_tile_slab":251,"minecraft:spruce_fence":5,"minecraft:deepslate_tiles":3,"minecraft:deepslate_tile_wall":173,"minecraft:book":2,"minecraft:obsidian":1,"minecraft:birch_fence":1,"minecraft:warden_spawn_egg":10,"minecraft:purple_stained_glass_pane":9,"minecraft:red_sandstone_stairs":12,"minecraft:glass":1004,"minecraft:black_terracotta":3,"minecraft:gray_stained_glass_pane":24,"minecraft:lever":10,"minecraft:netherite_block":57,"minecraft:flower_pot":7,"minecraft:red_wool":17,"minecraft:sea_lantern":61,"minecraft:black_concrete":828,"minecraft:bamboo_fence":2,"minecraft:netherite_shovel":9,"minecraft:stone_button":4,"minecraft:black_stained_glass_pane":6,"minecraft:weathered_copper_trapdoor":2,"minecraft:mace":4,"minecraft:lantern":28,"minecraft:heavy_weighted_pressure_plate":355,"minecraft:lime_carpet":36,"minecraft:wind_charge":62,"minecraft:iron_block":2259,"minecraft:grass_block":1110,"minecraft:tuff_brick_stairs":28,"minecraft:oak_button":2,"minecraft:barrier":867,"minecraft:string":26,"minecraft:acacia_slab":30,"minecraft:tuff_brick_wall":22,"minecraft:cyan_concrete":65,"minecraft:dark_oak_leaves":30,"minecraft:spruce_trapdoor":4,"minecraft:tropical_fish_spawn_egg":61,"minecraft:iron_door":2,"minecraft:red_stained_glass_pane":24,"minecraft:soul_lantern":19,"minecraft:tuff_brick_slab":16,"minecraft:stone_bricks":2,"minecraft:bedrock":17,"minecraft:dolphin_spawn_egg":4,"minecraft:stone_axe":6,"minecraft:chiseled_tuff_bricks":603,"minecraft:green_carpet":37,"minecraft:tripwire_hook":9,"minecraft:smooth_red_sandstone_slab":4,"minecraft:waxed_weathered_copper_trapdoor":3,"minecraft:repeater":23,"minecraft:sniffer_spawn_egg":1,"minecraft:deepslate_tile_stairs":360,"minecraft:hay_block":6,"minecraft:salmon_spawn_egg":6,"minecraft:iron_trapdoor":669,"minecraft:lime_stained_glass":9,"minecraft:white_banner":243,"minecraft:stripped_oak_wood":3,"minecraft:dark_oak_fence":1,"minecraft:chain":93,"minecraft:gold_block":726,"minecraft:polished_blackstone_button":187,"minecraft:observer":9,"minecraft:cherry_fence":1,"minecraft:orange_terracotta":655,"minecraft:smooth_stone":54,"minecraft:bone_meal":11,"minecraft:lime_candle":19}},"DataVersion":3953}