{"stats":{"minecraft:picked_up":{"minecraft:structure_block":1,"minecraft:moss_carpet":3,"minecraft:wooden_sword":1,"minecraft:white_carpet":1,"minecraft:oak_sign":4,"minecraft:redstone_torch":2,"minecraft:observer":2,"minecraft:deepslate_tile_wall":1,"minecraft:torch":6,"minecraft:stone_button":8,"minecraft:redstone":21,"minecraft:prismarine_crystals":11,"minecraft:blue_carpet":4,"minecraft:tnt":2252,"minecraft:tropical_fish":1,"minecraft:deepslate_bricks":1,"minecraft:iron_block":108,"minecraft:glow_berries":2,"minecraft:rail":5,"minecraft:white_wool":1,"minecraft:barrier":65,"minecraft:repeater":8,"minecraft:iron_door":1,"minecraft:tripwire_hook":8,"minecraft:orange_carpet":2,"minecraft:lantern":12,"minecraft:name_tag":1,"minecraft:light_blue_banner":52,"minecraft:wheat_seeds":1,"minecraft:moss_block":1,"minecraft:pink_concrete":4,"minecraft:dandelion":1,"minecraft:structure_void":128,"minecraft:red_banner":38,"minecraft:firework_rocket":6671,"minecraft:soul_lantern":3,"minecraft:lever":1,"minecraft:polished_blackstone_button":4,"minecraft:bread":3},"minecraft:dropped":{"minecraft:moss_block":1,"minecraft:lantern":1,"minecraft:wooden_sword":1,"minecraft:pink_concrete":3,"minecraft:red_banner":1,"minecraft:wind_charge":33,"minecraft:deepslate_bricks":1,"minecraft:iron_bars":1},"minecraft:custom":{"minecraft:interact_with_anvil":9,"minecraft:mob_kills":7,"minecraft:inspect_hopper":1,"minecraft:open_barrel":1,"minecraft:open_shulker_box":1,"minecraft:leave_game":10,"minecraft:time_since_death":104704,"minecraft:climb_one_cm":14479,"minecraft:sprint_one_cm":162039,"minecraft:walk_one_cm":445249,"minecraft:drop":11,"minecraft:talked_to_villager":3,"minecraft:play_time":698911,"minecraft:deaths":4,"minecraft:sneak_time":49823,"minecraft:walk_under_water_one_cm":224525,"minecraft:jump":1239,"minecraft:walk_on_water_one_cm":90849,"minecraft:total_world_time":698911,"minecraft:pot_flower":2,"minecraft:time_since_rest":104730,"minecraft:damage_taken":1391,"minecraft:damage_dealt":3226,"minecraft:swim_one_cm":9343,"minecraft:fly_one_cm":6042866,"minecraft:open_chest":35,"minecraft:crouch_one_cm":98000,"minecraft:fall_one_cm":11631,"minecraft:inspect_dispenser":394},"minecraft:used":{"minecraft:oak_fence":17,"minecraft:moss_block":25,"minecraft:tuff_bricks":101,"minecraft:light_blue_banner":70,"minecraft:moss_carpet":56,"minecraft:iron_bars":293,"minecraft:flint_and_steel":6,"minecraft:polished_deepslate":411,"minecraft:orange_concrete":9,"minecraft:light_gray_stained_glass_pane":9,"minecraft:cut_red_sandstone_slab":2,"minecraft:cracked_deepslate_bricks":281,"minecraft:smooth_quartz_slab":211,"minecraft:dispenser":93,"minecraft:red_concrete":161,"minecraft:red_sandstone_slab":119,"minecraft:redstone":392,"minecraft:polished_blackstone":13,"minecraft:ladder":66,"minecraft:oak_sign":35,"minecraft:light_gray_carpet":161,"minecraft:black_carpet":21,"minecraft:chest":25,"minecraft:polished_tuff_wall":181,"minecraft:stone":2,"minecraft:zombie_spawn_egg":5,"minecraft:quartz_stairs":1,"minecraft:green_terracotta":233,"minecraft:torch":17,"minecraft:anvil":2,"minecraft:white_carpet":165,"minecraft:spruce_stairs":12,"minecraft:deepslate_tile_slab":327,"minecraft:cracked_deepslate_tiles":504,"minecraft:deepslate_brick_slab":18,"minecraft:spruce_fence":55,"minecraft:blue_concrete":83,"minecraft:stripped_spruce_log":21,"minecraft:obsidian":1,"minecraft:warden_spawn_egg":10,"minecraft:red_sandstone_stairs":12,"minecraft:purple_stained_glass_pane":9,"minecraft:glass":1004,"minecraft:sea_lantern":63,"minecraft:netherite_shovel":9,"minecraft:bamboo_fence":2,"minecraft:villager_spawn_egg":2,"minecraft:lantern":43,"minecraft:quartz_slab":236,"minecraft:red_wool":17,"minecraft:black_stained_glass_pane":6,"minecraft:iron_block":2586,"minecraft:grass_block":1124,"minecraft:acacia_slab":30,"minecraft:quartz_block":9,"minecraft:tuff_brick_wall":22,"minecraft:dark_oak_leaves":30,"minecraft:tropical_fish_spawn_egg":61,"minecraft:stone_bricks":2,"minecraft:blue_banner":71,"minecraft:bedrock":17,"minecraft:tripwire_hook":9,"minecraft:red_stained_glass_pane":24,"minecraft:red_carpet":15,"minecraft:reinforced_deepslate":35,"minecraft:dolphin_spawn_egg":4,"minecraft:repeater":23,"minecraft:brown_carpet":17,"minecraft:sniffer_spawn_egg":1,"minecraft:hay_block":6,"minecraft:iron_trapdoor":669,"minecraft:lime_stained_glass":9,"minecraft:deepslate_tile_stairs":433,"minecraft:salmon_spawn_egg":6,"minecraft:gold_block":726,"minecraft:observer":9,"minecraft:cherry_fence":1,"minecraft:orange_terracotta":655,"minecraft:deepslate_brick_wall":4,"minecraft:chiseled_polished_blackstone":517,"minecraft:dark_oak_stairs":7,"minecraft:water_bucket":68,"minecraft:end_rod":202,"minecraft:spruce_door":1,"minecraft:powered_rail":6,"minecraft:blackstone":43,"minecraft:structure_void":32,"minecraft:waxed_oxidized_copper_trapdoor":2,"minecraft:deepslate_bricks":13,"minecraft:polished_deepslate_slab":37,"minecraft:dark_oak_trapdoor":12,"minecraft:lime_terracotta":323,"minecraft:comparator":1,"minecraft:vine":44,"minecraft:oak_slab":1,"minecraft:light_blue_concrete":10,"minecraft:tnt":2767,"minecraft:crimson_trapdoor":3,"minecraft:light_blue_wool":16,"minecraft:phantom_spawn_egg":2,"minecraft:smooth_red_sandstone":318,"minecraft:campfire":17,"minecraft:blackstone_wall":14,"minecraft:spruce_log":1,"minecraft:book":2,"minecraft:deepslate_brick_stairs":10,"minecraft:birch_fence":1,"minecraft:deepslate_tile_wall":205,"minecraft:deepslate_tiles":3,"minecraft:oak_log":10,"minecraft:black_terracotta":3,"minecraft:netherite_block":57,"minecraft:lever":11,"minecraft:flower_pot":7,"minecraft:black_concrete":828,"minecraft:warped_trapdoor":2,"minecraft:diamond_shovel":58,"minecraft:weathered_copper_trapdoor":2,"minecraft:mace":4,"minecraft:gray_stained_glass_pane":42,"minecraft:wind_charge":62,"minecraft:lime_carpet":36,"minecraft:heavy_weighted_pressure_plate":355,"minecraft:cracked_polished_blackstone_bricks":217,"minecraft:oxidized_copper_trapdoor":2,"minecraft:oak_button":2,"minecraft:string":26,"minecraft:barrier":867,"minecraft:tuff_brick_stairs":196,"minecraft:stone_button":80,"minecraft:netherite_axe":3,"minecraft:cyan_concrete":65,"minecraft:spruce_trapdoor":18,"minecraft:iron_door":2,"minecraft:tuff_brick_slab":472,"minecraft:soul_lantern":28,"minecraft:stone_axe":6,"minecraft:chiseled_tuff_bricks":603,"minecraft:blue_carpet":30,"minecraft:green_carpet":37,"minecraft:smooth_red_sandstone_slab":4,"minecraft:waxed_weathered_copper_trapdoor":3,"minecraft:white_banner":243,"minecraft:stripped_oak_wood":3,"minecraft:dark_oak_fence":12,"minecraft:red_banner":169,"minecraft:chain":142,"minecraft:smooth_stone_slab":22,"minecraft:polished_blackstone_button":215,"minecraft:smooth_stone":54,"minecraft:bone_meal":11,"minecraft:lime_candle":19},"minecraft:killed":{"minecraft:salmon":6,"minecraft:villager":1}},"DataVersion":3953}