{"stats":{"minecraft:dropped":{"minecraft:moss_block":1,"minecraft:deepslate_bricks":1,"minecraft:iron_bars":1},"minecraft:used":{"minecraft:oak_fence":17,"minecraft:moss_block":25,"minecraft:water_bucket":65,"minecraft:moss_carpet":56,"minecraft:end_rod":3,"minecraft:iron_bars":17,"minecraft:spruce_door":1,"minecraft:light_gray_stained_glass_pane":9,"minecraft:flint_and_steel":5,"minecraft:dispenser":18,"minecraft:redstone":392,"minecraft:ladder":18,"minecraft:light_gray_carpet":161,"minecraft:zombie_spawn_egg":5,"minecraft:structure_void":31,"minecraft:deepslate_bricks":9,"minecraft:green_terracotta":233,"minecraft:torch":16,"minecraft:lime_terracotta":323,"minecraft:anvil":1,"minecraft:comparator":1,"minecraft:vine":44,"minecraft:white_carpet":165,"minecraft:tnt":2128,"minecraft:spruce_fence":2,"minecraft:obsidian":1,"minecraft:black_terracotta":2,"minecraft:glass":118,"minecraft:flower_pot":7,"minecraft:netherite_block":57,"minecraft:lever":9,"minecraft:sea_lantern":61,"minecraft:black_concrete":363,"minecraft:netherite_shovel":9,"minecraft:bamboo_fence":2,"minecraft:weathered_copper_trapdoor":2,"minecraft:iron_block":2054,"minecraft:lime_carpet":36,"minecraft:heavy_weighted_pressure_plate":354,"minecraft:lantern":4,"minecraft:grass_block":14,"minecraft:oak_button":2,"minecraft:barrier":634,"minecraft:string":24,"minecraft:dark_oak_leaves":30,"minecraft:spruce_trapdoor":4,"minecraft:stone_bricks":1,"minecraft:bedrock":17,"minecraft:green_carpet":37,"minecraft:waxed_weathered_copper_trapdoor":3,"minecraft:repeater":23,"minecraft:hay_block":6,"minecraft:iron_trapdoor":561,"minecraft:lime_stained_glass":9,"minecraft:dark_oak_fence":1,"minecraft:chain":2,"minecraft:polished_blackstone_button":1,"minecraft:cherry_fence":1,"minecraft:observer":9,"minecraft:bone_meal":11,"minecraft:smooth_stone":54,"minecraft:lime_candle":19},"minecraft:custom":{"minecraft:interact_with_anvil":3,"minecraft:inspect_hopper":1,"minecraft:open_barrel":1,"minecraft:open_shulker_box":1,"minecraft:pot_flower":2,"minecraft:leave_game":2,"minecraft:time_since_death":209406,"minecraft:climb_one_cm":1481,"minecraft:time_since_rest":209432,"minecraft:sprint_one_cm":30844,"minecraft:damage_taken":860,"minecraft:walk_one_cm":78919,"minecraft:drop":3,"minecraft:damage_dealt":20,"minecraft:swim_one_cm":9131,"minecraft:talked_to_villager":1,"minecraft:fly_one_cm":1120089,"minecraft:open_chest":2,"minecraft:crouch_one_cm":14864,"minecraft:play_time":211521,"minecraft:deaths":1,"minecraft:sneak_time":14838,"minecraft:walk_under_water_one_cm":134941,"minecraft:jump":439,"minecraft:walk_on_water_one_cm":78335,"minecraft:total_world_time":211521,"minecraft:fall_one_cm":11631,"minecraft:inspect_dispenser":5},"minecraft:picked_up":{"minecraft:barrier":64,"minecraft:repeater":8,"minecraft:moss_carpet":2,"minecraft:lantern":2,"minecraft:white_carpet":1,"minecraft:wheat_seeds":1,"minecraft:redstone_torch":2,"minecraft:observer":2,"minecraft:moss_block":1,"minecraft:dandelion":1,"minecraft:torch":4,"minecraft:structure_void":128,"minecraft:stone_button":1,"minecraft:redstone":20,"minecraft:prismarine_crystals":11,"minecraft:tnt":59,"minecraft:tropical_fish":1,"minecraft:deepslate_bricks":1,"minecraft:iron_block":108}},"DataVersion":3953}