{"stats":{"minecraft:custom":{"minecraft:time_since_rest":68665,"minecraft:sprint_one_cm":23819,"minecraft:damage_taken":860,"minecraft:walk_one_cm":30004,"minecraft:interact_with_anvil":3,"minecraft:drop":1,"minecraft:inspect_hopper":1,"minecraft:swim_one_cm":4360,"minecraft:talked_to_villager":1,"minecraft:fly_one_cm":339443,"minecraft:open_barrel":1,"minecraft:open_chest":2,"minecraft:crouch_one_cm":1098,"minecraft:play_time":70754,"minecraft:deaths":1,"minecraft:sneak_time":3261,"minecraft:walk_under_water_one_cm":21464,"minecraft:jump":224,"minecraft:walk_on_water_one_cm":20971,"minecraft:time_since_death":68639,"minecraft:climb_one_cm":699,"minecraft:total_world_time":70754,"minecraft:fall_one_cm":11631},"minecraft:used":{"minecraft:moss_block":7,"minecraft:glass":98,"minecraft:water_bucket":28,"minecraft:lever":3,"minecraft:end_rod":3,"minecraft:iron_bars":2,"minecraft:bamboo_fence":2,"minecraft:light_gray_stained_glass_pane":9,"minecraft:iron_block":460,"minecraft:redstone":297,"minecraft:zombie_spawn_egg":5,"minecraft:spruce_trapdoor":3,"minecraft:repeater":21,"minecraft:anvil":1,"minecraft:comparator":1,"minecraft:white_carpet":3,"minecraft:tnt":796,"minecraft:dark_oak_fence":1,"minecraft:chain":2,"minecraft:spruce_fence":2,"minecraft:observer":9},"minecraft:dropped":{"minecraft:moss_block":1},"minecraft:picked_up":{"minecraft:repeater":6,"minecraft:redstone":13,"minecraft:white_carpet":1,"minecraft:redstone_torch":2,"minecraft:moss_block":1}},"DataVersion":3953}