{"stats":{"minecraft:killed":{"minecraft:salmon":6},"minecraft:dropped":{"minecraft:moss_block":1,"minecraft:wind_charge":33,"minecraft:deepslate_bricks":1,"minecraft:iron_bars":1},"minecraft:custom":{"minecraft:interact_with_anvil":3,"minecraft:mob_kills":6,"minecraft:inspect_hopper":1,"minecraft:open_barrel":1,"minecraft:open_shulker_box":1,"minecraft:pot_flower":2,"minecraft:leave_game":4,"minecraft:time_since_death":285577,"minecraft:climb_one_cm":1481,"minecraft:time_since_rest":285603,"minecraft:walk_one_cm":98622,"minecraft:sprint_one_cm":54643,"minecraft:damage_taken":860,"minecraft:drop":5,"minecraft:damage_dealt":2926,"minecraft:swim_one_cm":9343,"minecraft:talked_to_villager":3,"minecraft:fly_one_cm":1928909,"minecraft:open_chest":5,"minecraft:crouch_one_cm":25959,"minecraft:play_time":287692,"minecraft:deaths":1,"minecraft:sneak_time":21459,"minecraft:walk_under_water_one_cm":212065,"minecraft:jump":536,"minecraft:walk_on_water_one_cm":85402,"minecraft:total_world_time":287692,"minecraft:fall_one_cm":11631,"minecraft:inspect_dispenser":27},"minecraft:picked_up":{"minecraft:barrier":64,"minecraft:tripwire_hook":8,"minecraft:repeater":8,"minecraft:iron_door":1,"minecraft:moss_carpet":2,"minecraft:lantern":2,"minecraft:white_carpet":1,"minecraft:wheat_seeds":1,"minecraft:redstone_torch":2,"minecraft:observer":2,"minecraft:moss_block":1,"minecraft:torch":4,"minecraft:dandelion":1,"minecraft:structure_void":128,"minecraft:stone_button":1,"minecraft:redstone":20,"minecraft:prismarine_crystals":11,"minecraft:tnt":59,"minecraft:firework_rocket":4378,"minecraft:tropical_fish":1,"minecraft:deepslate_bricks":1,"minecraft:iron_block":108},"minecraft:used":{"minecraft:moss_block":25,"minecraft:oak_fence":17,"minecraft:water_bucket":65,"minecraft:moss_carpet":56,"minecraft:end_rod":3,"minecraft:iron_bars":17,"minecraft:flint_and_steel":5,"minecraft:spruce_door":1,"minecraft:orange_concrete":9,"minecraft:light_gray_stained_glass_pane":9,"minecraft:cut_red_sandstone_slab":2,"minecraft:dispenser":34,"minecraft:red_sandstone_slab":119,"minecraft:redstone":392,"minecraft:powered_rail":6,"minecraft:ladder":18,"minecraft:light_gray_carpet":161,"minecraft:zombie_spawn_egg":5,"minecraft:structure_void":31,"minecraft:deepslate_bricks":9,"minecraft:green_terracotta":233,"minecraft:torch":17,"minecraft:anvil":1,"minecraft:lime_terracotta":323,"minecraft:vine":44,"minecraft:comparator":1,"minecraft:oak_slab":1,"minecraft:white_carpet":165,"minecraft:tnt":2361,"minecraft:phantom_spawn_egg":2,"minecraft:smooth_red_sandstone":318,"minecraft:spruce_fence":2,"minecraft:book":2,"minecraft:obsidian":1,"minecraft:birch_fence":1,"minecraft:warden_spawn_egg":10,"minecraft:red_sandstone_stairs":12,"minecraft:black_terracotta":3,"minecraft:glass":141,"minecraft:netherite_block":57,"minecraft:lever":9,"minecraft:flower_pot":7,"minecraft:sea_lantern":61,"minecraft:black_concrete":828,"minecraft:bamboo_fence":2,"minecraft:netherite_shovel":9,"minecraft:weathered_copper_trapdoor":2,"minecraft:mace":4,"minecraft:lantern":4,"minecraft:heavy_weighted_pressure_plate":355,"minecraft:lime_carpet":36,"minecraft:wind_charge":62,"minecraft:iron_block":2259,"minecraft:grass_block":14,"minecraft:oak_button":2,"minecraft:string":26,"minecraft:barrier":866,"minecraft:acacia_slab":30,"minecraft:dark_oak_leaves":30,"minecraft:spruce_trapdoor":4,"minecraft:tropical_fish_spawn_egg":61,"minecraft:iron_door":2,"minecraft:stone_bricks":2,"minecraft:bedrock":17,"minecraft:stone_axe":6,"minecraft:green_carpet":37,"minecraft:dolphin_spawn_egg":4,"minecraft:tripwire_hook":9,"minecraft:smooth_red_sandstone_slab":4,"minecraft:waxed_weathered_copper_trapdoor":3,"minecraft:repeater":23,"minecraft:sniffer_spawn_egg":1,"minecraft:hay_block":6,"minecraft:iron_trapdoor":669,"minecraft:stripped_oak_wood":3,"minecraft:salmon_spawn_egg":6,"minecraft:lime_stained_glass":9,"minecraft:white_banner":243,"minecraft:dark_oak_fence":1,"minecraft:chain":2,"minecraft:polished_blackstone_button":174,"minecraft:cherry_fence":1,"minecraft:observer":9,"minecraft:orange_terracotta":655,"minecraft:smooth_stone":54,"minecraft:bone_meal":11,"minecraft:lime_candle":19}},"DataVersion":3953}