{"stats":{"minecraft:custom":{"minecraft:time_since_rest":152106,"minecraft:sprint_one_cm":25066,"minecraft:damage_taken":860,"minecraft:walk_one_cm":56244,"minecraft:interact_with_anvil":3,"minecraft:drop":1,"minecraft:inspect_hopper":1,"minecraft:swim_one_cm":5603,"minecraft:talked_to_villager":1,"minecraft:fly_one_cm":726118,"minecraft:open_barrel":1,"minecraft:open_chest":2,"minecraft:crouch_one_cm":7011,"minecraft:open_shulker_box":1,"minecraft:play_time":154195,"minecraft:deaths":1,"minecraft:sneak_time":9932,"minecraft:walk_under_water_one_cm":58371,"minecraft:jump":339,"minecraft:leave_game":1,"minecraft:walk_on_water_one_cm":66424,"minecraft:time_since_death":152080,"minecraft:climb_one_cm":699,"minecraft:total_world_time":154195,"minecraft:fall_one_cm":11631,"minecraft:inspect_dispenser":1},"minecraft:used":{"minecraft:netherite_block":45,"minecraft:black_terracotta":2,"minecraft:moss_block":7,"minecraft:glass":113,"minecraft:sea_lantern":61,"minecraft:water_bucket":64,"minecraft:lever":9,"minecraft:end_rod":3,"minecraft:black_concrete":363,"minecraft:iron_bars":13,"minecraft:bamboo_fence":2,"minecraft:light_gray_stained_glass_pane":9,"minecraft:heavy_weighted_pressure_plate":354,"minecraft:iron_block":2054,"minecraft:barrier":106,"minecraft:redstone":364,"minecraft:light_gray_carpet":161,"minecraft:zombie_spawn_egg":5,"minecraft:spruce_trapdoor":3,"minecraft:structure_void":30,"minecraft:torch":16,"minecraft:repeater":23,"minecraft:anvil":1,"minecraft:comparator":1,"minecraft:white_carpet":165,"minecraft:iron_trapdoor":561,"minecraft:tnt":1607,"minecraft:dark_oak_fence":1,"minecraft:chain":2,"minecraft:cherry_fence":1,"minecraft:spruce_fence":2,"minecraft:observer":9,"minecraft:smooth_stone":54},"minecraft:dropped":{"minecraft:moss_block":1},"minecraft:picked_up":{"minecraft:barrier":64,"minecraft:repeater":6,"minecraft:torch":1,"minecraft:structure_void":128,"minecraft:redstone":17,"minecraft:prismarine_crystals":11,"minecraft:white_carpet":1,"minecraft:tropical_fish":1,"minecraft:iron_block":108,"minecraft:redstone_torch":2,"minecraft:observer":2,"minecraft:moss_block":1}},"DataVersion":3953}