{"stats":{"minecraft:custom":{"minecraft:jump":163,"minecraft:time_since_rest":8665,"minecraft:walk_on_water_one_cm":1939,"minecraft:crouch_one_cm":692,"minecraft:deaths":1,"minecraft:sprint_one_cm":16504,"minecraft:play_time":10754,"minecraft:damage_taken":860,"minecraft:time_since_death":8639,"minecraft:walk_one_cm":17018,"minecraft:sneak_time":495,"minecraft:total_world_time":10754,"minecraft:walk_under_water_one_cm":2332,"minecraft:interact_with_anvil":3,"minecraft:swim_one_cm":4360,"minecraft:talked_to_villager":1,"minecraft:fall_one_cm":11631,"minecraft:fly_one_cm":135783,"minecraft:open_barrel":1},"minecraft:used":{"minecraft:water_bucket":18,"minecraft:zombie_spawn_egg":5,"minecraft:anvil":1}},"DataVersion":3953}