{"stats":{"minecraft:custom":{"minecraft:open_barrel":1,"minecraft:time_since_rest":56665,"minecraft:crouch_one_cm":985,"minecraft:walk_one_cm":27827,"minecraft:play_time":58754,"minecraft:sprint_one_cm":23602,"minecraft:damage_taken":860,"minecraft:deaths":1,"minecraft:sneak_time":3051,"minecraft:walk_under_water_one_cm":10372,"minecraft:interact_with_anvil":3,"minecraft:drop":1,"minecraft:jump":207,"minecraft:time_since_death":56639,"minecraft:walk_on_water_one_cm":20056,"minecraft:total_world_time":58754,"minecraft:swim_one_cm":4360,"minecraft:talked_to_villager":1,"minecraft:fall_one_cm":11631,"minecraft:fly_one_cm":321347},"minecraft:used":{"minecraft:lever":3,"minecraft:moss_block":7,"minecraft:glass":98,"minecraft:water_bucket":28,"minecraft:comparator":1,"minecraft:repeater":21,"minecraft:anvil":1,"minecraft:light_gray_stained_glass_pane":9,"minecraft:tnt":669,"minecraft:iron_block":460,"minecraft:redstone":297,"minecraft:spruce_trapdoor":3,"minecraft:zombie_spawn_egg":5,"minecraft:spruce_fence":1,"minecraft:observer":9},"minecraft:dropped":{"minecraft:moss_block":1},"minecraft:picked_up":{"minecraft:repeater":6,"minecraft:redstone_torch":2,"minecraft:moss_block":1,"minecraft:redstone":13}},"DataVersion":3953}