{"stats":{"minecraft:custom":{"minecraft:open_barrel":1,"minecraft:time_since_rest":20665,"minecraft:crouch_one_cm":833,"minecraft:walk_one_cm":24528,"minecraft:play_time":22754,"minecraft:sprint_one_cm":21384,"minecraft:damage_taken":860,"minecraft:deaths":1,"minecraft:sneak_time":758,"minecraft:walk_under_water_one_cm":8269,"minecraft:interact_with_anvil":3,"minecraft:jump":177,"minecraft:time_since_death":20639,"minecraft:walk_on_water_one_cm":16701,"minecraft:total_world_time":22754,"minecraft:swim_one_cm":4360,"minecraft:talked_to_villager":1,"minecraft:fall_one_cm":11631,"minecraft:fly_one_cm":212118},"minecraft:used":{"minecraft:moss_block":1,"minecraft:glass":76,"minecraft:water_bucket":26,"minecraft:anvil":1,"minecraft:tnt":4,"minecraft:iron_block":94,"minecraft:zombie_spawn_egg":5,"minecraft:spruce_fence":1}},"DataVersion":3953}