{"stats":{"minecraft:custom":{"minecraft:open_barrel":1,"minecraft:time_since_rest":44665,"minecraft:crouch_one_cm":914,"minecraft:walk_one_cm":27251,"minecraft:play_time":46754,"minecraft:sprint_one_cm":23602,"minecraft:damage_taken":860,"minecraft:deaths":1,"minecraft:sneak_time":1695,"minecraft:walk_under_water_one_cm":9114,"minecraft:interact_with_anvil":3,"minecraft:drop":1,"minecraft:jump":198,"minecraft:time_since_death":44639,"minecraft:walk_on_water_one_cm":18564,"minecraft:total_world_time":46754,"minecraft:swim_one_cm":4360,"minecraft:talked_to_villager":1,"minecraft:fall_one_cm":11631,"minecraft:fly_one_cm":300735},"minecraft:used":{"minecraft:lever":1,"minecraft:moss_block":7,"minecraft:glass":98,"minecraft:water_bucket":27,"minecraft:comparator":1,"minecraft:repeater":20,"minecraft:anvil":1,"minecraft:tnt":260,"minecraft:iron_block":449,"minecraft:redstone":293,"minecraft:spruce_trapdoor":3,"minecraft:zombie_spawn_egg":5,"minecraft:spruce_fence":1},"minecraft:dropped":{"minecraft:moss_block":1},"minecraft:picked_up":{"minecraft:repeater":1,"minecraft:moss_block":1,"minecraft:redstone":3}},"DataVersion":3953}