{"stats":{"minecraft:dropped":{"minecraft:moss_block":1,"minecraft:deepslate_bricks":1,"minecraft:iron_bars":1},"minecraft:used":{"minecraft:oak_fence":17,"minecraft:moss_block":25,"minecraft:water_bucket":65,"minecraft:moss_carpet":56,"minecraft:end_rod":3,"minecraft:iron_bars":17,"minecraft:spruce_door":1,"minecraft:flint_and_steel":5,"minecraft:light_gray_stained_glass_pane":9,"minecraft:dispenser":18,"minecraft:redstone":392,"minecraft:ladder":18,"minecraft:light_gray_carpet":161,"minecraft:zombie_spawn_egg":5,"minecraft:structure_void":31,"minecraft:deepslate_bricks":9,"minecraft:green_terracotta":233,"minecraft:torch":16,"minecraft:anvil":1,"minecraft:lime_terracotta":323,"minecraft:comparator":1,"minecraft:vine":44,"minecraft:white_carpet":165,"minecraft:tnt":2143,"minecraft:spruce_fence":2,"minecraft:obsidian":1,"minecraft:black_terracotta":2,"minecraft:glass":118,"minecraft:netherite_block":57,"minecraft:lever":9,"minecraft:flower_pot":7,"minecraft:sea_lantern":61,"minecraft:black_concrete":363,"minecraft:bamboo_fence":2,"minecraft:netherite_shovel":9,"minecraft:weathered_copper_trapdoor":2,"minecraft:iron_block":2054,"minecraft:lime_carpet":36,"minecraft:heavy_weighted_pressure_plate":354,"minecraft:lantern":4,"minecraft:grass_block":14,"minecraft:string":24,"minecraft:barrier":866,"minecraft:oak_button":2,"minecraft:dark_oak_leaves":30,"minecraft:spruce_trapdoor":4,"minecraft:tropical_fish_spawn_egg":61,"minecraft:stone_bricks":2,"minecraft:stone_axe":6,"minecraft:bedrock":17,"minecraft:green_carpet":37,"minecraft:dolphin_spawn_egg":4,"minecraft:waxed_weathered_copper_trapdoor":3,"minecraft:repeater":23,"minecraft:hay_block":6,"minecraft:iron_trapdoor":561,"minecraft:salmon_spawn_egg":6,"minecraft:lime_stained_glass":9,"minecraft:dark_oak_fence":1,"minecraft:chain":2,"minecraft:polished_blackstone_button":1,"minecraft:cherry_fence":1,"minecraft:observer":9,"minecraft:smooth_stone":54,"minecraft:bone_meal":11,"minecraft:lime_candle":19},"minecraft:custom":{"minecraft:mob_kills":6,"minecraft:interact_with_anvil":3,"minecraft:inspect_hopper":1,"minecraft:open_barrel":1,"minecraft:open_shulker_box":1,"minecraft:pot_flower":2,"minecraft:leave_game":3,"minecraft:time_since_death":221139,"minecraft:climb_one_cm":1481,"minecraft:time_since_rest":221165,"minecraft:walk_one_cm":81947,"minecraft:sprint_one_cm":31100,"minecraft:damage_taken":860,"minecraft:drop":3,"minecraft:damage_dealt":200,"minecraft:swim_one_cm":9131,"minecraft:talked_to_villager":3,"minecraft:fly_one_cm":1207271,"minecraft:open_chest":2,"minecraft:crouch_one_cm":15370,"minecraft:play_time":223254,"minecraft:deaths":1,"minecraft:sneak_time":15444,"minecraft:walk_under_water_one_cm":203356,"minecraft:jump":462,"minecraft:walk_on_water_one_cm":80753,"minecraft:total_world_time":223254,"minecraft:fall_one_cm":11631,"minecraft:inspect_dispenser":5},"minecraft:picked_up":{"minecraft:barrier":64,"minecraft:repeater":8,"minecraft:moss_carpet":2,"minecraft:lantern":2,"minecraft:white_carpet":1,"minecraft:wheat_seeds":1,"minecraft:redstone_torch":2,"minecraft:observer":2,"minecraft:moss_block":1,"minecraft:torch":4,"minecraft:dandelion":1,"minecraft:structure_void":128,"minecraft:stone_button":1,"minecraft:redstone":20,"minecraft:prismarine_crystals":11,"minecraft:tnt":59,"minecraft:tropical_fish":1,"minecraft:deepslate_bricks":1,"minecraft:iron_block":108},"minecraft:killed":{"minecraft:salmon":6}},"DataVersion":3953}