{"stats":{"minecraft:dropped":{"minecraft:deepslate_bricks":1,"minecraft:moss_block":1,"minecraft:iron_bars":1},"minecraft:used":{"minecraft:moss_carpet":34,"minecraft:black_terracotta":2,"minecraft:sea_lantern":61,"minecraft:moss_block":7,"minecraft:glass":113,"minecraft:netherite_block":57,"minecraft:water_bucket":65,"minecraft:lever":9,"minecraft:end_rod":3,"minecraft:black_concrete":363,"minecraft:iron_bars":17,"minecraft:bamboo_fence":2,"minecraft:weathered_copper_trapdoor":2,"minecraft:flint_and_steel":5,"minecraft:light_gray_stained_glass_pane":9,"minecraft:lime_carpet":36,"minecraft:heavy_weighted_pressure_plate":354,"minecraft:iron_block":2054,"minecraft:string":24,"minecraft:dispenser":18,"minecraft:redstone":392,"minecraft:barrier":107,"minecraft:light_gray_carpet":161,"minecraft:spruce_trapdoor":3,"minecraft:zombie_spawn_egg":5,"minecraft:structure_void":31,"minecraft:deepslate_bricks":9,"minecraft:green_terracotta":233,"minecraft:green_carpet":37,"minecraft:torch":16,"minecraft:waxed_weathered_copper_trapdoor":3,"minecraft:vine":44,"minecraft:lime_terracotta":323,"minecraft:repeater":23,"minecraft:anvil":1,"minecraft:comparator":1,"minecraft:white_carpet":165,"minecraft:iron_trapdoor":561,"minecraft:tnt":2128,"minecraft:lime_stained_glass":9,"minecraft:dark_oak_fence":1,"minecraft:chain":2,"minecraft:polished_blackstone_button":1,"minecraft:cherry_fence":1,"minecraft:spruce_fence":2,"minecraft:observer":9,"minecraft:smooth_stone":54,"minecraft:obsidian":1,"minecraft:lime_candle":19},"minecraft:picked_up":{"minecraft:barrier":64,"minecraft:repeater":8,"minecraft:torch":4,"minecraft:structure_void":128,"minecraft:stone_button":1,"minecraft:redstone":20,"minecraft:prismarine_crystals":11,"minecraft:tnt":59,"minecraft:white_carpet":1,"minecraft:tropical_fish":1,"minecraft:deepslate_bricks":1,"minecraft:iron_block":108,"minecraft:redstone_torch":2,"minecraft:observer":2,"minecraft:moss_block":1},"minecraft:custom":{"minecraft:time_since_rest":191432,"minecraft:sprint_one_cm":30296,"minecraft:damage_taken":860,"minecraft:walk_one_cm":72399,"minecraft:interact_with_anvil":3,"minecraft:drop":3,"minecraft:inspect_hopper":1,"minecraft:swim_one_cm":5603,"minecraft:talked_to_villager":1,"minecraft:fly_one_cm":1005827,"minecraft:open_barrel":1,"minecraft:open_chest":2,"minecraft:crouch_one_cm":14650,"minecraft:open_shulker_box":1,"minecraft:play_time":193521,"minecraft:deaths":1,"minecraft:sneak_time":13913,"minecraft:walk_under_water_one_cm":66188,"minecraft:jump":421,"minecraft:leave_game":2,"minecraft:walk_on_water_one_cm":77294,"minecraft:time_since_death":191406,"minecraft:climb_one_cm":699,"minecraft:total_world_time":193521,"minecraft:fall_one_cm":11631,"minecraft:inspect_dispenser":5}},"DataVersion":3953}